oblast_or_country,pcode,# total population,# female population,# male population,# female younger population (0 - 14 years),# male younger population (0 - 14 years),# total younger population (0 - 14 years),# female older population (60 years and up),# male older population (60 years and up),# total older population (60 years and up),# registered IDPs,# people exposed,# people affected,# people in need,# people in level 1 humanitarian condition,# people in level 2 humanitarian condition,# people in level 3 humanitarian condition,# people in level 4 humanitarian condition,# people in level 5 humanitarian condition,# km² landmass affected,# km² controlled by Ukrainian authorities/forces,# km² controlled by Russian forces,# km² unconfirmed control,# battles,# explosions/remote violence,# violence against civilians,# fatalities,# civilian fatalities,# civilian injuries,# total infrastructure damage,# total access events,# unemployed people,period
Cherkaska,UA71,1157115,624475,532640,75552,81536,157088,196700,110769,307469,10784,0,0,0,0,0,0,0,0,0,20940,0,0,0,0,0,0,0,0,0,0,16808,Jan2022
Chernihivska,UA74,950773,518447,432326,61356,64084,125440,174896,90800,265696,7315,0,0,0,0,0,0,0,0,0,31895,0,0,0,0,0,0,0,0,0,0,10534,Jan2022
Chernivetska,UA73,887392,468777,418615,73482,78391,151873,116988,69688,186676,2392,0,0,0,0,0,0,0,0,0,8095,0,0,0,0,0,0,0,0,0,0,5969,Jan2022
Dnipropetrovska,UA12,3093176,1680750,1412426,226943,240091,467034,503014,265558,768572,71514,0,0,0,0,0,0,0,0,0,31910,0,0,0,0,0,0,0,0,0,0,23984,Jan2022
Donetska,UA14,4046487,2207252,1839235,204708,218811,423519,810872,465603,1276475,512237,4046487,2200000,2200000,0,0,0,0,0,26500,19579,6625,296,101,180,0,4,0,0,0,0,10008,Jan2022
Ivano-Frankivska,UA26,1349096,711226,637870,108676,115708,224384,181690,108256,289946,3833,0,0,0,0,0,0,0,0,0,13933,0,0,0,0,0,0,0,0,0,0,8564,Jan2022
Kharkivska,UA63,2583325,1384642,1198683,169358,180505,349863,412784,224680,637464,135556,0,0,0,0,0,0,0,0,0,31435,0,0,0,0,0,0,0,0,0,0,20336,Jan2022
Khersonska,UA65,1000166,535440,464726,76623,81913,158536,153827,84911,238738,14614,0,0,0,0,0,0,0,0,0,26657,0,0,0,0,0,0,0,0,0,0,10353,Jan2022
Khmelnytska,UA68,1225666,655503,570163,92902,97681,190583,193654,109045,302699,6580,0,0,0,0,0,0,0,0,0,20628,0,0,0,0,0,0,0,0,0,0,13382,Jan2022
Kirovohradska,UA35,897297,483025,414272,63954,67838,131792,148637,82051,230688,6558,0,0,0,0,0,0,0,0,0,24578,0,0,0,0,0,0,0,0,0,0,13978,Jan2022
Kyiv,UA80,2910994,1568793,1342201,232566,248470,481036,401501,236765,638266,163491,0,0,0,0,0,0,0,0,0,834,0,0,0,0,2,0,0,0,0,0,9956,Jan2022
Kyivska,UA32,1789300,969870,819430,153069,163542,316611,253461,137057,390518,66045,0,0,0,0,0,0,0,0,0,28132,0,0,0,0,0,0,0,0,0,0,11577,Jan2022
Luhanska,UA44,2098324,1136515,961809,91298,98018,189316,436762,256423,693185,282493,2098324,1066000,1066000,0,0,0,0,0,26688,17176,9341,171,51,91,0,3,0,0,0,0,7256,Jan2022
Lvivska,UA46,2459763,1294772,1164991,192773,203584,396357,343762,206012,549774,11244,0,0,0,0,0,0,0,0,0,21824,0,0,0,0,0,0,0,0,0,0,13048,Jan2022
Mykolaivska,UA48,1091106,584957,506149,79731,85170,164901,170974,95197,266171,8316,0,0,0,0,0,0,0,0,0,24016,0,0,0,0,0,0,0,0,0,0,13707,Jan2022
Odeska,UA51,2340332,1237452,1102880,189998,203812,393810,333832,194370,528202,38602,0,0,0,0,0,0,0,0,0,33348,0,0,0,0,0,0,0,0,0,0,13620,Jan2022
Poltavska,UA53,1344445,722656,621789,91171,97568,188739,219156,120834,339990,22643,0,0,0,0,0,0,0,0,0,28723,0,0,0,0,0,0,0,0,0,0,19766,Jan2022
Rivnenska,UA56,1140724,598625,542099,111755,117385,229140,138715,81699,220414,3022,0,0,0,0,0,0,0,0,0,20053,0,0,0,0,0,0,0,0,0,0,11054,Jan2022
Sumska,UA59,1033580,558993,474587,64296,68282,132578,177893,100633,278526,11247,0,0,0,0,0,0,0,0,0,23842,0,0,0,0,0,0,0,0,0,0,12293,Jan2022
Ternopilska,UA61,1018462,541302,477160,76461,80396,156857,147742,86344,234086,2159,0,0,0,0,0,0,0,0,0,13833,0,0,0,0,0,0,0,0,0,0,9488,Jan2022
Vinnytska,UA05,1502430,805537,696893,110508,117742,228250,238346,134465,372811,11311,0,0,0,0,0,0,0,0,0,26491,0,0,0,0,0,0,0,0,0,0,19599,Jan2022
Volynska,UA07,1018628,537725,480903,95205,101245,196450,129037,73972,203009,3105,0,0,0,0,0,0,0,0,0,20149,0,0,0,0,0,0,0,0,0,0,7884,Jan2022
Zakarpatska,UA21,1241643,644559,597084,117513,124691,242204,141186,88706,229892,3368,0,0,0,0,0,0,0,0,0,12758,0,0,0,0,0,0,0,0,0,0,4556,Jan2022
Zaporizka,UA23,1637673,889959,747714,112990,119983,232973,277337,147331,424668,56284,0,0,0,0,0,0,0,0,0,27180,0,0,0,0,0,0,0,0,0,0,15126,Jan2022
Zhytomyrska,UA18,1179801,629467,550334,92406,98146,190552,179745,98703,278448,7057,0,0,0,0,0,0,0,0,0,29839,0,0,0,0,0,0,0,0,0,0,12548,Jan2022
Cherkaska,UA71,1157115,624475,532640,75552,81536,157088,196700,110769,307469,10784,0,0,0,0,0,0,0,0,20940,20940,0,0,0,2,0,1,0,0,2,1,16358,Feb2022
Chernihivska,UA74,950773,518447,432326,61356,64084,125440,174896,90800,265696,7315,0,0,0,0,0,0,0,0,31895,31895,0,0,8,17,7,20,0,0,7,24,10504,Feb2022
Chernivetska,UA73,887392,468777,418615,73482,78391,151873,116988,69688,186676,2392,0,0,0,0,0,0,0,0,8095,8095,0,0,0,0,0,0,0,0,0,4,5799,Feb2022
Dnipropetrovska,UA12,3093176,1680750,1412426,226943,240091,467034,503014,265558,768572,71514,0,0,0,0,0,0,0,0,31910,31910,0,0,0,1,1,0,0,0,0,1,23604,Feb2022
Donetska,UA14,4046487,2207252,1839235,204708,218811,423519,810872,465603,1276475,512237,4046487,1661000,1661000,2385487,0,0,0,0,26500,19579,6625,296,152,529,1,47,0,0,5,16,9903,Feb2022
Ivano-Frankivska,UA26,1349096,711226,637870,108676,115708,224384,181690,108256,289946,3833,0,0,0,0,0,0,0,0,13933,13933,0,0,0,2,0,0,0,0,0,2,8412,Feb2022
Kharkivska,UA63,2583325,1384642,1198683,169358,180505,349863,412784,224680,637464,135556,0,0,0,0,0,0,0,0,31435,30677,690,68,11,20,9,61,0,0,11,4,20411,Feb2022
Khersonska,UA65,1000166,535440,464726,76623,81913,158536,153827,84911,238738,14614,0,0,0,0,0,0,0,0,26657,6615,18962,1080,16,6,6,44,0,0,3,8,10393,Feb2022
Khmelnytska,UA68,1225666,655503,570163,92902,97681,190583,193654,109045,302699,6580,0,0,0,0,0,0,0,0,20628,20628,0,0,0,0,0,0,0,0,0,2,13004,Feb2022
Kirovohradska,UA35,897297,483025,414272,63954,67838,131792,148637,82051,230688,6558,0,0,0,0,0,0,0,0,24578,24578,0,0,0,0,0,0,0,0,1,1,14170,Feb2022
Kyiv,UA80,2910994,1568793,1342201,232566,248470,481036,401501,236765,638266,163491,0,0,0,0,0,0,0,0,834,834,0,0,8,4,2,20,0,0,1,6,9840,Feb2022
Kyivska,UA32,1789300,969870,819430,153069,163542,316611,253461,137057,390518,66045,0,0,0,0,0,0,0,0,28132,19692,8440,0,29,17,8,61,0,0,5,5,11592,Feb2022
Luhanska,UA44,2098324,1136515,961809,91298,98018,189316,436762,256423,693185,282493,2098324,1056000,1056000,1042324,0,0,0,0,26688,14507,12010,171,95,359,0,80,0,0,4,10,7404,Feb2022
Lvivska,UA46,2459763,1294772,1164991,192773,203584,396357,343762,206012,549774,11244,0,0,0,0,0,0,0,0,21824,21824,0,0,0,3,0,0,0,0,0,8,12761,Feb2022
Mykolaivska,UA48,1091106,584957,506149,79731,85170,164901,170974,95197,266171,8316,0,0,0,0,0,0,0,0,24016,24016,0,0,5,2,0,65,0,0,2,2,13942,Feb2022
Odeska,UA51,2340332,1237452,1102880,189998,203812,393810,333832,194370,528202,38602,0,0,0,0,0,0,0,0,33348,33348,0,0,4,6,0,22,0,0,0,3,13534,Feb2022
Poltavska,UA53,1344445,722656,621789,91171,97568,188739,219156,120834,339990,22643,0,0,0,0,0,0,0,0,28723,28723,0,0,0,1,1,0,0,0,0,1,19584,Feb2022
Rivnenska,UA56,1140724,598625,542099,111755,117385,229140,138715,81699,220414,3022,0,0,0,0,0,0,0,0,20053,20053,0,0,0,0,0,0,0,0,0,2,10941,Feb2022
Sumska,UA59,1033580,558993,474587,64296,68282,132578,177893,100633,278526,11247,0,0,0,0,0,0,0,0,23842,23742,100,0,16,12,6,98,0,0,5,5,12535,Feb2022
Ternopilska,UA61,1018462,541302,477160,76461,80396,156857,147742,86344,234086,2159,0,0,0,0,0,0,0,0,13833,13833,0,0,0,0,0,0,0,0,0,2,9544,Feb2022
Vinnytska,UA05,1502430,805537,696893,110508,117742,228250,238346,134465,372811,11311,0,0,0,0,0,0,0,0,26491,26491,0,0,0,2,0,0,0,0,0,0,19874,Feb2022
Volynska,UA07,1018628,537725,480903,95205,101245,196450,129037,73972,203009,3105,0,0,0,0,0,0,0,0,20149,20149,0,0,0,2,0,0,0,0,0,2,8002,Feb2022
Zakarpatska,UA21,1241643,644559,597084,117513,124691,242204,141186,88706,229892,3368,0,0,0,0,0,0,0,0,12758,12758,0,0,0,0,0,0,0,0,0,3,4351,Feb2022
Zaporizka,UA23,1637673,889959,747714,112990,119983,232973,277337,147331,424668,56284,0,0,0,0,0,0,0,0,27180,19026,8154,0,10,11,2,21,0,0,1,6,15075,Feb2022
Zhytomyrska,UA18,1179801,629467,550334,92406,98146,190552,179745,98703,278448,7057,0,0,0,0,0,0,0,0,29839,29839,0,0,2,3,0,2,0,0,0,6,12250,Feb2022
Cherkaska,UA71,1157115,624475,532640,75552,81536,157088,196700,110769,307469,10784,1157115,0,0,0,0,0,0,0,20940,20940,0,0,0,2,0,0,0,0,0,3,14896,Mar2022
Chernihivska,UA74,950773,518447,432326,61356,64084,125440,174896,90800,265696,7315,950773,0,0,0,0,0,0,0,31895,31784,111,0,43,59,47,504,0,0,15,17,9507,Mar2022
Chernivetska,UA73,887392,468777,418615,73482,78391,151873,116988,69688,186676,2392,887392,0,0,0,0,0,0,0,8095,8095,0,0,0,0,0,0,0,0,0,6,5443,Mar2022
Dnipropetrovska,UA12,3093176,1680750,1412426,226943,240091,467034,503014,265558,768572,71514,3093176,0,0,0,0,0,0,0,31910,31910,0,0,4,30,0,17,0,0,4,2,21155,Mar2022
Donetska,UA14,4046487,2207252,1839235,204708,218811,423519,810872,465603,1276475,512237,4046487,1661000,1661000,2385487,0,0,0,0,26500,11149,15055,296,154,424,18,996,0,0,473,94,9223,Mar2022
Ivano-Frankivska,UA26,1349096,711226,637870,108676,115708,224384,181690,108256,289946,3833,1349096,0,0,0,0,0,0,0,13933,13933,0,0,0,4,0,0,0,0,0,5,8150,Mar2022
Kharkivska,UA63,2583325,1384642,1198683,169358,180505,349863,412784,224680,637464,135556,2583325,0,0,0,0,0,0,0,31435,20872,10495,68,81,162,35,722,0,0,83,24,18568,Mar2022
Khersonska,UA65,1000166,535440,464726,76623,81913,158536,153827,84911,238738,14614,1000166,0,0,0,0,0,0,0,26657,253,25324,1080,20,29,36,110,0,0,4,16,9713,Mar2022
Khmelnytska,UA68,1225666,655503,570163,92902,97681,190583,193654,109045,302699,6580,1225666,0,0,0,0,0,0,0,20628,20628,0,0,1,4,0,2,0,0,1,5,12064,Mar2022
Kirovohradska,UA35,897297,483025,414272,63954,67838,131792,148637,82051,230688,6558,897297,0,0,0,0,0,0,0,24578,24578,0,0,0,2,1,7,0,0,0,3,12137,Mar2022
Kyiv,UA80,2910994,1568793,1342201,232566,248470,481036,401501,236765,638266,163491,2910994,0,0,0,0,0,0,0,834,834,0,0,9,39,6,63,0,0,11,6,8805,Mar2022
Kyivska,UA32,1789300,969870,819430,153069,163542,316611,253461,137057,390518,66045,1789300,0,0,0,0,0,0,0,28132,19692,8440,0,167,154,127,1078,0,0,22,18,10410,Mar2022
Luhanska,UA44,2098324,1136515,961809,91298,98018,189316,436762,256423,693185,282493,2098324,1056000,1056000,1042324,0,0,0,0,26688,1163,25354,171,66,186,7,565,0,0,83,20,6448,Mar2022
Lvivska,UA46,2459763,1294772,1164991,192773,203584,396357,343762,206012,549774,11244,2459763,0,0,0,0,0,0,0,21824,21824,0,0,0,4,1,35,0,0,8,8,12105,Mar2022
Mykolaivska,UA48,1091106,584957,506149,79731,85170,164901,170974,95197,266171,8316,1091106,0,0,0,0,0,0,0,24016,23885,119,12,30,42,6,257,0,0,8,2,12390,Mar2022
Odeska,UA51,2340332,1237452,1102880,189998,203812,393810,333832,194370,528202,38602,2340332,0,0,0,0,0,0,0,33348,33348,0,0,0,32,2,4,0,0,0,0,12227,Mar2022
Poltavska,UA53,1344445,722656,621789,91171,97568,188739,219156,120834,339990,22643,1344445,0,0,0,0,0,0,0,28723,28723,0,0,2,0,0,10,0,0,0,2,17156,Mar2022
Rivnenska,UA56,1140724,598625,542099,111755,117385,229140,138715,81699,220414,3022,1140724,0,0,0,0,0,0,0,20053,20053,0,0,0,10,0,9,0,0,3,4,10499,Mar2022
Sumska,UA59,1033580,558993,474587,64296,68282,132578,177893,100633,278526,11247,1033580,0,0,0,0,0,0,0,23842,23742,100,0,34,54,12,130,0,0,6,28,12528,Mar2022
Ternopilska,UA61,1018462,541302,477160,76461,80396,156857,147742,86344,234086,2159,1018462,0,0,0,0,0,0,0,13833,13833,0,0,0,0,0,0,0,0,0,4,7894,Mar2022
Vinnytska,UA05,1502430,805537,696893,110508,117742,228250,238346,134465,372811,11311,1502430,0,0,0,0,0,0,0,26491,26491,0,0,0,3,1,9,0,0,2,6,17813,Mar2022
Volynska,UA07,1018628,537725,480903,95205,101245,196450,129037,73972,203009,3105,1018628,0,0,0,0,0,0,0,20149,20149,0,0,0,2,0,4,0,0,2,5,7916,Mar2022
Zakarpatska,UA21,1241643,644559,597084,117513,124691,242204,141186,88706,229892,3368,1241643,0,0,0,0,0,0,0,12758,12758,0,0,0,0,0,0,0,0,0,5,4261,Mar2022
Zaporizka,UA23,1637673,889959,747714,112990,119983,232973,277337,147331,424668,56284,1637673,0,0,0,0,0,0,0,27180,6795,20385,0,39,48,43,219,0,0,6,17,14233,Mar2022
Zhytomyrska,UA18,1179801,629467,550334,92406,98146,190552,179745,98703,278448,7057,1179801,0,0,0,0,0,0,0,29839,29839,0,0,12,54,0,59,0,0,15,9,11338,Mar2022
Cherkaska,UA71,1157115,624475,532640,75552,81536,157088,196700,110769,307469,10784,1157115,244000,244000,913115,0,244000,0,0,20940,20940,0,0,0,1,0,0,0,0,13,2,14956,Apr2022
Chernihivska,UA74,950773,518447,432326,61356,64084,125440,174896,90800,265696,7315,950773,672000,672000,278773,0,672000,0,0,31895,31895,0,0,6,17,1,19,0,0,171,20,9975,Apr2022
Chernivetska,UA73,887392,468777,418615,73482,78391,151873,116988,69688,186676,2392,887392,184000,184000,703392,0,184000,0,0,8095,8095,0,0,0,0,0,0,0,0,0,0,5152,Apr2022
Dnipropetrovska,UA12,3093176,1680750,1412426,226943,240091,467034,503014,265558,768572,71514,3093176,681000,681000,2412176,0,681000,0,0,31910,31910,0,0,1,68,0,18,0,0,39,3,23771,Apr2022
Donetska,UA14,4046487,2207252,1839235,204708,218811,423519,810872,465603,1276475,512237,4046487,2200000,2200000,1846487,0,2200000,0,0,26500,11149,15055,296,137,651,11,558,0,0,483,113,6030,Apr2022
Ivano-Frankivska,UA26,1349096,711226,637870,108676,115708,224384,181690,108256,289946,3833,1349096,280000,280000,1069096,0,280000,0,0,13933,13933,0,0,0,0,0,0,0,0,0,0,7846,Apr2022
Kharkivska,UA63,2583325,1384642,1198683,169358,180505,349863,412784,224680,637464,135556,2583325,1500000,1500000,1083325,0,1500000,0,0,31435,20872,10495,68,71,228,24,368,0,0,580,37,15535,Apr2022
Khersonska,UA65,1000166,535440,464726,76623,81913,158536,153827,84911,238738,14614,1000166,766000,766000,234166,0,766000,0,0,26657,253,25324,1080,37,45,38,285,0,0,91,67,9841,Apr2022
Khmelnytska,UA68,1225666,655503,570163,92902,97681,190583,193654,109045,302699,6580,1225666,257000,257000,968666,0,257000,0,0,20628,20628,0,0,0,6,0,0,0,0,2,0,12095,Apr2022
Kirovohradska,UA35,897297,483025,414272,63954,67838,131792,148637,82051,230688,6558,897297,190000,190000,707297,0,190000,0,0,24578,24578,0,0,0,4,0,3,0,0,2,0,11349,Apr2022
Kyiv,UA80,2910994,1568793,1342201,232566,248470,481036,401501,236765,638266,163491,2910994,1900000,1900000,1010994,0,1900000,0,0,834,834,0,0,0,6,0,3,0,0,93,3,10167,Apr2022
Kyivska,UA32,1789300,969870,819430,153069,163542,316611,253461,137057,390518,66045,1789300,569000,569000,1220300,0,569000,0,0,28132,28132,0,0,6,16,4,10,0,0,150,37,11187,Apr2022
Luhanska,UA44,2098324,1136515,961809,91298,98018,189316,436762,256423,693185,282493,2098324,1500000,1500000,598324,0,1500000,0,0,26688,1163,25354,171,103,216,5,280,0,0,169,166,3947,Apr2022
Lvivska,UA46,2459763,1294772,1164991,192773,203584,396357,343762,206012,549774,11244,2459763,511000,511000,1948763,0,511000,0,0,21824,21824,0,0,0,4,1,7,0,0,6,0,11763,Apr2022
Mykolaivska,UA48,1091106,584957,506149,79731,85170,164901,170974,95197,266171,8316,1091106,471000,471000,620106,0,471000,0,0,24016,23885,119,12,8,45,1,114,0,0,142,32,12072,Apr2022
Odeska,UA51,2340332,1237452,1102880,189998,203812,393810,333832,194370,528202,38602,2340332,483000,483000,1857332,0,483000,0,0,33348,33348,0,0,0,20,0,54,0,0,11,14,12535,Apr2022
Poltavska,UA53,1344445,722656,621789,91171,97568,188739,219156,120834,339990,22643,1344445,283000,283000,1061445,0,283000,0,0,28723,28723,0,0,1,6,0,1,0,0,9,6,17471,Apr2022
Rivnenska,UA56,1140724,598625,542099,111755,117385,229140,138715,81699,220414,3022,1140724,236000,236000,904724,0,236000,0,0,20053,20053,0,0,0,1,0,0,0,0,3,0,10588,Apr2022
Sumska,UA59,1033580,558993,474587,64296,68282,132578,177893,100633,278526,11247,1033580,821000,821000,212580,0,821000,0,0,23842,23842,0,0,0,21,1,1,0,0,120,14,14194,Apr2022
Ternopilska,UA61,1018462,541302,477160,76461,80396,156857,147742,86344,234086,2159,1018462,212000,212000,806462,0,212000,0,0,13833,13833,0,0,0,2,0,0,0,0,0,0,7354,Apr2022
Vinnytska,UA05,1502430,805537,696893,110508,117742,228250,238346,134465,372811,11311,1502430,315000,315000,1187430,0,315000,0,0,26491,26491,0,0,0,3,1,5,0,0,14,0,16871,Apr2022
Volynska,UA07,1018628,537725,480903,95205,101245,196450,129037,73972,203009,3105,1018628,211000,211000,807628,0,211000,0,0,20149,20149,0,0,0,0,0,0,0,0,0,0,7951,Apr2022
Zakarpatska,UA21,1241643,644559,597084,117513,124691,242204,141186,88706,229892,3368,1241643,257000,257000,984643,0,257000,0,0,12758,12758,0,0,0,0,0,0,0,0,0,0,4623,Apr2022
Zaporizka,UA23,1637673,889959,747714,112990,119983,232973,277337,147331,424668,56284,1637673,633000,633000,1004673,0,633000,0,0,27180,6795,20385,0,20,117,22,277,0,0,47,22,13979,Apr2022
Zhytomyrska,UA18,1179801,629467,550334,92406,98146,190552,179745,98703,278448,7057,1179801,248000,248000,931801,0,248000,0,0,29839,29839,0,0,0,9,0,0,0,0,121,0,12104,Apr2022
Cherkaska,UA71,1157115,624475,532640,75552,81536,157088,196700,110769,307469,10784,1157115,244000,244000,913115,0,244000,0,0,20940,20940,0,0,0,0,0,0,0,0,0,4,15407,May2022
Chernihivska,UA74,950773,518447,432326,61356,64084,125440,174896,90800,265696,7315,950773,672000,672000,278773,0,672000,0,0,31895,31895,0,0,0,32,0,91,0,0,20,10,11588,May2022
Chernivetska,UA73,887392,468777,418615,73482,78391,151873,116988,69688,186676,2392,887392,184000,184000,703392,0,184000,0,0,8095,8095,0,0,0,0,0,0,0,0,0,3,5196,May2022
Dnipropetrovska,UA12,3093176,1680750,1412426,226943,240091,467034,503014,265558,768572,71514,3093176,681000,681000,2412176,0,681000,0,0,31910,31910,0,0,1,74,0,79,0,0,32,4,26865,May2022
Donetska,UA14,4046487,2207252,1839235,204708,218811,423519,810872,465603,1276475,512237,4046487,2200000,2200000,1846487,0,2200000,0,0,26500,11149,15055,296,266,897,6,672,0,0,328,47,7075,May2022
Ivano-Frankivska,UA26,1349096,711226,637870,108676,115708,224384,181690,108256,289946,3833,1349096,280000,280000,1069096,0,280000,0,0,13933,13933,0,0,0,0,0,0,0,0,0,3,8258,May2022
Kharkivska,UA63,2583325,1384642,1198683,169358,180505,349863,412784,224680,637464,135556,2583325,1500000,1500000,1083325,0,1500000,0,0,31435,21827,9430,178,91,402,17,598,0,0,103,23,16584,May2022
Khersonska,UA65,1000166,535440,464726,76623,81913,158536,153827,84911,238738,14614,1000166,766000,766000,234166,0,766000,0,0,26657,0,26657,0,11,91,23,224,0,0,33,46,10166,May2022
Khmelnytska,UA68,1225666,655503,570163,92902,97681,190583,193654,109045,302699,6580,1225666,257000,257000,968666,0,257000,0,0,20628,20628,0,0,0,0,0,0,0,0,0,3,12331,May2022
Kirovohradska,UA35,897297,483025,414272,63954,67838,131792,148637,82051,230688,6558,897297,190000,190000,707297,0,190000,0,0,24578,24578,0,0,0,2,0,0,0,0,6,3,11783,May2022
Kyiv,UA80,2910994,1568793,1342201,232566,248470,481036,401501,236765,638266,163491,2910994,1900000,1900000,1010994,0,1900000,0,0,834,834,0,0,0,0,1,0,0,0,0,3,14282,May2022
Kyivska,UA32,1789300,969870,819430,153069,163542,316611,253461,137057,390518,66045,1789300,569000,569000,1220300,0,569000,0,0,28132,28132,0,0,0,6,0,1,0,0,47,23,14154,May2022
Luhanska,UA44,2098324,1136515,961809,91298,98018,189316,436762,256423,693185,282493,2098324,1500000,1500000,598324,0,1500000,0,0,26688,1181,25354,153,157,216,4,1026,0,0,146,51,3617,May2022
Lvivska,UA46,2459763,1294772,1164991,192773,203584,396357,343762,206012,549774,11244,2459763,511000,511000,1948763,0,511000,0,0,21824,21824,0,0,0,4,0,0,0,0,3,3,11905,May2022
Mykolaivska,UA48,1091106,584957,506149,79731,85170,164901,170974,95197,266171,8316,1091106,471000,471000,620106,0,471000,0,0,24016,20910,706,2400,4,85,1,40,0,0,684,29,13872,May2022
Odeska,UA51,2340332,1237452,1102880,189998,203812,393810,333832,194370,528202,38602,2340332,483000,483000,1857332,0,483000,0,0,33348,33348,0,0,0,32,0,105,0,0,19,22,14091,May2022
Poltavska,UA53,1344445,722656,621789,91171,97568,188739,219156,120834,339990,22643,1344445,283000,283000,1061445,0,283000,0,0,28723,28723,0,0,1,5,0,0,0,0,3,3,18679,May2022
Rivnenska,UA56,1140724,598625,542099,111755,117385,229140,138715,81699,220414,3022,1140724,236000,236000,904724,0,236000,0,0,20053,20053,0,0,0,1,0,0,0,0,0,6,11205,May2022
Sumska,UA59,1033580,558993,474587,64296,68282,132578,177893,100633,278526,11247,1033580,821000,821000,212580,0,821000,0,0,23842,23842,0,0,2,85,0,2,0,0,15,10,16469,May2022
Ternopilska,UA61,1018462,541302,477160,76461,80396,156857,147742,86344,234086,2159,1018462,212000,212000,806462,0,212000,0,0,13833,13833,0,0,0,0,0,0,0,0,0,3,7145,May2022
Vinnytska,UA05,1502430,805537,696893,110508,117742,228250,238346,134465,372811,11311,1502430,315000,315000,1187430,0,315000,0,0,26491,26491,0,0,0,0,0,0,0,0,0,3,16733,May2022
Volynska,UA07,1018628,537725,480903,95205,101245,196450,129037,73972,203009,3105,1018628,211000,211000,807628,0,211000,0,0,20149,20149,0,0,0,0,0,0,0,0,0,3,8255,May2022
Zakarpatska,UA21,1241643,644559,597084,117513,124691,242204,141186,88706,229892,3368,1241643,257000,257000,984643,0,257000,0,0,12758,12758,0,0,0,1,0,0,0,0,2,3,5575,May2022
Zaporizka,UA23,1637673,889959,747714,112990,119983,232973,277337,147331,424668,56284,1637673,633000,633000,1004673,0,633000,0,0,27180,6795,20385,0,27,127,17,119,0,0,43,31,16315,May2022
Zhytomyrska,UA18,1179801,629467,550334,92406,98146,190552,179745,98703,278448,7057,1179801,248000,248000,931801,0,248000,0,0,29839,29839,0,0,0,4,0,1,0,0,1,8,13414,May2022
Cherkaska,UA71,1157115,624475,532640,75552,81536,157088,196700,110769,307469,10784,1157115,244000,244000,913115,0,244000,0,0,20940,20940,0,0,0,1,0,1,0,0,1,0,14632,Jun2022
Chernihivska,UA74,950773,518447,432326,61356,64084,125440,174896,90800,265696,7315,950773,672000,672000,278773,0,672000,0,0,31895,31895,0,0,0,38,0,0,0,0,4,4,13064,Jun2022
Chernivetska,UA73,887392,468777,418615,73482,78391,151873,116988,69688,186676,2392,887392,184000,184000,703392,0,184000,0,0,8095,8095,0,0,0,0,0,0,0,0,0,0,4956,Jun2022
Dnipropetrovska,UA12,3093176,1680750,1412426,226943,240091,467034,503014,265558,768572,71514,3093176,681000,681000,2412176,0,681000,0,0,31910,31910,0,0,4,65,0,30,0,0,50,2,25727,Jun2022
Donetska,UA14,4046487,2207252,1839235,204708,218811,423519,810872,465603,1276475,512237,4046487,2200000,2200000,1846487,0,2200000,0,0,26500,11149,15055,296,178,1227,1,1093,0,0,180,60,8007,Jun2022
Ivano-Frankivska,UA26,1349096,711226,637870,108676,115708,224384,181690,108256,289946,3833,1349096,280000,280000,1069096,0,280000,0,0,13933,13933,0,0,0,0,0,0,0,0,0,0,8198,Jun2022
Kharkivska,UA63,2583325,1384642,1198683,169358,180505,349863,412784,224680,637464,135556,2583325,1500000,1500000,1083325,0,1500000,0,0,31435,21810,9430,195,48,500,13,132,0,0,158,27,20659,Jun2022
Khersonska,UA65,1000166,535440,464726,76623,81913,158536,153827,84911,238738,14614,1000166,766000,766000,234166,0,766000,0,0,26657,0,26657,0,15,100,19,80,0,0,8,36,10404,Jun2022
Khmelnytska,UA68,1225666,655503,570163,92902,97681,190583,193654,109045,302699,6580,1225666,257000,257000,968666,0,257000,0,0,20628,20628,0,0,0,0,0,0,0,0,0,0,11247,Jun2022
Kirovohradska,UA35,897297,483025,414272,63954,67838,131792,148637,82051,230688,6558,897297,190000,190000,707297,0,190000,0,0,24578,24578,0,0,0,0,0,0,0,0,0,0,11543,Jun2022
Kyiv,UA80,2910994,1568793,1342201,232566,248470,481036,401501,236765,638266,163491,2910994,1900000,1900000,1010994,0,1900000,0,0,834,834,0,0,0,3,0,1,0,0,0,0,18170,Jun2022
Kyivska,UA32,1789300,969870,819430,153069,163542,316611,253461,137057,390518,66045,1789300,569000,569000,1220300,0,569000,0,0,28132,28132,0,0,0,0,0,0,0,0,96,0,15549,Jun2022
Luhanska,UA44,2098324,1136515,961809,91298,98018,189316,436762,256423,693185,282493,2098324,1500000,1500000,598324,0,1500000,0,0,26688,1193,25354,141,128,246,0,299,0,0,125,44,3648,Jun2022
Lvivska,UA46,2459763,1294772,1164991,192773,203584,396357,343762,206012,549774,11244,2459763,511000,511000,1948763,0,511000,0,0,21824,21824,0,0,0,4,0,0,0,0,9,0,10784,Jun2022
Mykolaivska,UA48,1091106,584957,506149,79731,85170,164901,170974,95197,266171,8316,1091106,471000,471000,620106,0,471000,0,0,24016,23000,887,129,3,201,1,118,0,0,833,13,15441,Jun2022
Odeska,UA51,2340332,1237452,1102880,189998,203812,393810,333832,194370,528202,38602,2340332,483000,483000,1857332,0,483000,0,0,33348,33348,0,0,1,23,0,22,0,0,6,14,12690,Jun2022
Poltavska,UA53,1344445,722656,621789,91171,97568,188739,219156,120834,339990,22643,1344445,283000,283000,1061445,0,283000,0,0,28723,28723,0,0,0,2,0,10,0,0,5,0,17666,Jun2022
Rivnenska,UA56,1140724,598625,542099,111755,117385,229140,138715,81699,220414,3022,1140724,236000,236000,904724,0,236000,0,0,20053,20053,0,0,0,1,0,4,0,0,0,0,10494,Jun2022
Sumska,UA59,1033580,558993,474587,64296,68282,132578,177893,100633,278526,11247,1033580,821000,821000,212580,0,821000,0,0,23842,23842,0,0,0,133,0,14,0,0,14,32,17100,Jun2022
Ternopilska,UA61,1018462,541302,477160,76461,80396,156857,147742,86344,234086,2159,1018462,212000,212000,806462,0,212000,0,0,13833,13833,0,0,0,1,0,0,0,0,4,0,6529,Jun2022
Vinnytska,UA05,1502430,805537,696893,110508,117742,228250,238346,134465,372811,11311,1502430,315000,315000,1187430,0,315000,0,0,26491,26491,0,0,0,0,0,0,0,0,4,0,15297,Jun2022
Volynska,UA07,1018628,537725,480903,95205,101245,196450,129037,73972,203009,3105,1018628,211000,211000,807628,0,211000,0,0,20149,20149,0,0,0,0,0,0,0,0,0,0,7588,Jun2022
Zakarpatska,UA21,1241643,644559,597084,117513,124691,242204,141186,88706,229892,3368,1241643,257000,257000,984643,0,257000,0,0,12758,12758,0,0,0,0,0,0,0,0,0,0,5675,Jun2022
Zaporizka,UA23,1637673,889959,747714,112990,119983,232973,277337,147331,424668,56284,1637673,633000,633000,1004673,0,633000,0,0,27180,6795,20385,0,6,105,11,69,0,0,66,17,17675,Jun2022
Zhytomyrska,UA18,1179801,629467,550334,92406,98146,190552,179745,98703,278448,7057,1179801,248000,248000,931801,0,248000,0,0,29839,29839,0,0,0,4,0,1,0,0,27,0,13705,Jun2022
Cherkaska,UA71,1157115,624475,532640,75552,81536,157088,196700,110769,307469,10784,1157115,244000,244000,913115,0,244000,0,0,20940,20940,0,0,0,2,0,10,0,0,1,2,13464,Jul2022
Chernihivska,UA74,950773,518447,432326,61356,64084,125440,174896,90800,265696,7315,950773,672000,672000,278773,0,672000,0,0,31895,31895,0,0,0,46,0,3,0,0,1,3,12559,Jul2022
Chernivetska,UA73,887392,468777,418615,73482,78391,151873,116988,69688,186676,2392,887392,184000,184000,703392,0,184000,0,0,8095,8095,0,0,0,0,0,0,0,0,0,1,4362,Jul2022
Dnipropetrovska,UA12,3093176,1680750,1412426,226943,240091,467034,503014,265558,768572,71514,3093176,681000,681000,2412176,0,681000,0,0,31910,31910,0,0,2,90,0,30,0,0,30,1,23941,Jul2022
Donetska,UA14,4046487,2207252,1839235,204708,218811,423519,810872,465603,1276475,512237,4046487,2200000,2200000,1846487,0,2200000,0,0,26500,11149,15055,296,292,1723,1,1224,0,0,82,57,7786,Jul2022
Ivano-Frankivska,UA26,1349096,711226,637870,108676,115708,224384,181690,108256,289946,3833,1349096,280000,280000,1069096,0,280000,0,0,13933,13933,0,0,0,0,0,0,0,0,0,1,7771,Jul2022
Kharkivska,UA63,2583325,1384642,1198683,169358,180505,349863,412784,224680,637464,135556,2583325,1500000,1500000,1083325,0,1500000,0,0,31435,21788,9430,217,76,847,11,267,0,0,85,20,20864,Jul2022
Khersonska,UA65,1000166,535440,464726,76623,81913,158536,153827,84911,238738,14614,1000166,766000,766000,234166,0,766000,0,0,26657,0,26657,0,32,258,17,509,0,0,11,24,10314,Jul2022
Khmelnytska,UA68,1225666,655503,570163,92902,97681,190583,193654,109045,302699,6580,1225666,257000,257000,968666,0,257000,0,0,20628,20628,0,0,0,2,0,0,0,0,0,1,10188,Jul2022
Kirovohradska,UA35,897297,483025,414272,63954,67838,131792,148637,82051,230688,6558,897297,190000,190000,707297,0,190000,0,0,24578,24578,0,0,0,4,0,8,0,0,0,1,11089,Jul2022
Kyiv,UA80,2910994,1568793,1342201,232566,248470,481036,401501,236765,638266,163491,2910994,1900000,1900000,1010994,0,1900000,0,0,834,834,0,0,0,0,0,0,0,0,2,1,15692,Jul2022
Kyivska,UA32,1789300,969870,819430,153069,163542,316611,253461,137057,390518,66045,1789300,569000,569000,1220300,0,569000,0,0,28132,28132,0,0,0,2,0,1,0,0,0,6,13684,Jul2022
Luhanska,UA44,2098324,1136515,961809,91298,98018,189316,436762,256423,693185,282493,2098324,1500000,1500000,598324,0,1500000,0,0,26688,0,26643,45,24,62,3,293,0,0,21,23,3490,Jul2022
Lvivska,UA46,2459763,1294772,1164991,192773,203584,396357,343762,206012,549774,11244,2459763,511000,511000,1948763,0,511000,0,0,21824,21824,0,0,0,0,0,0,0,0,0,1,9383,Jul2022
Mykolaivska,UA48,1091106,584957,506149,79731,85170,164901,170974,95197,266171,8316,1091106,471000,471000,620106,0,471000,0,0,24016,22991,894,131,11,357,1,392,0,0,35,15,15744,Jul2022
Odeska,UA51,2340332,1237452,1102880,189998,203812,393810,333832,194370,528202,38602,2340332,483000,483000,1857332,0,483000,0,0,33348,33348,0,0,0,29,0,53,0,0,24,12,11361,Jul2022
Poltavska,UA53,1344445,722656,621789,91171,97568,188739,219156,120834,339990,22643,1344445,283000,283000,1061445,0,283000,0,0,28723,28723,0,0,0,0,0,0,0,0,8,1,15907,Jul2022
Rivnenska,UA56,1140724,598625,542099,111755,117385,229140,138715,81699,220414,3022,1140724,236000,236000,904724,0,236000,0,0,20053,20053,0,0,0,0,0,0,0,0,0,1,9680,Jul2022
Sumska,UA59,1033580,558993,474587,64296,68282,132578,177893,100633,278526,11247,1033580,821000,821000,212580,0,821000,0,0,23842,23842,0,0,0,165,0,3,0,0,9,12,16260,Jul2022
Ternopilska,UA61,1018462,541302,477160,76461,80396,156857,147742,86344,234086,2159,1018462,212000,212000,806462,0,212000,0,0,13833,13833,0,0,0,0,0,0,0,0,0,1,6139,Jul2022
Vinnytska,UA05,1502430,805537,696893,110508,117742,228250,238346,134465,372811,11311,1502430,315000,315000,1187430,0,315000,0,0,26491,26491,0,0,0,1,0,26,0,0,3,1,13698,Jul2022
Volynska,UA07,1018628,537725,480903,95205,101245,196450,129037,73972,203009,3105,1018628,211000,211000,807628,0,211000,0,0,20149,20149,0,0,0,1,0,1,0,0,0,1,6906,Jul2022
Zakarpatska,UA21,1241643,644559,597084,117513,124691,242204,141186,88706,229892,3368,1241643,257000,257000,984643,0,257000,0,0,12758,12758,0,0,0,0,0,0,0,0,0,1,5583,Jul2022
Zaporizka,UA23,1637673,889959,747714,112990,119983,232973,277337,147331,424668,56284,1637673,633000,633000,1004673,0,633000,0,0,27180,6795,20385,0,4,254,7,67,0,0,10,27,17937,Jul2022
Zhytomyrska,UA18,1179801,629467,550334,92406,98146,190552,179745,98703,278448,7057,1179801,248000,248000,931801,0,248000,0,0,29839,29839,0,0,0,1,0,2,0,0,0,9,12866,Jul2022
Cherkaska,UA71,1157115,624475,532640,75552,81536,157088,196700,110769,307469,10784,1157115,400000,400000,757115,0,400000,0,0,20940,20940,0,0,0,1,0,1,0,0,0,4,12506,Aug2022
Chernihivska,UA74,950773,518447,432326,61356,64084,125440,174896,90800,265696,7315,950773,483000,483000,467773,0,483000,0,0,31895,31895,0,0,0,55,0,0,0,0,0,8,11677,Aug2022
Chernivetska,UA73,887392,468777,418615,73482,78391,151873,116988,69688,186676,2392,887392,341000,341000,546392,0,341000,0,0,8095,8095,0,0,0,0,0,0,0,0,0,5,3943,Aug2022
Dnipropetrovska,UA12,3093176,1680750,1412426,226943,240091,467034,503014,265558,768572,71514,3093176,1400000,1400000,1693176,0,1400000,0,0,31910,31910,0,0,3,146,0,121,0,0,61,6,22150,Aug2022
Donetska,UA14,4046487,2207252,1839235,204708,218811,423519,810872,465603,1276475,512237,4046487,2500000,2500000,1546487,0,2500000,0,0,26500,11149,15055,296,407,1657,2,1013,0,0,67,43,8067,Aug2022
Ivano-Frankivska,UA26,1349096,711226,637870,108676,115708,224384,181690,108256,289946,3833,1349096,470000,470000,879096,0,470000,0,0,13933,13933,0,0,0,0,0,0,0,0,0,4,7384,Aug2022
Kharkivska,UA63,2583325,1384642,1198683,169358,180505,349863,412784,224680,637464,135556,2583325,764000,764000,1819325,0,764000,0,0,31435,21937,9430,68,58,863,20,236,0,0,15,27,20506,Aug2022
Khersonska,UA65,1000166,535440,464726,76623,81913,158536,153827,84911,238738,14614,1000166,160000,160000,840166,0,160000,0,0,26657,0,26657,0,30,352,42,742,0,0,6,22,9700,Aug2022
Khmelnytska,UA68,1225666,655503,570163,92902,97681,190583,193654,109045,302699,6580,1225666,389000,389000,836666,0,389000,0,0,20628,20628,0,0,0,1,0,0,0,0,1,4,9346,Aug2022
Kirovohradska,UA35,897297,483025,414272,63954,67838,131792,148637,82051,230688,6558,897297,288000,288000,609297,0,288000,0,0,24578,24578,0,0,1,1,0,0,0,0,0,4,10640,Aug2022
Kyiv,UA80,2910994,1568793,1342201,232566,248470,481036,401501,236765,638266,163491,2910994,1400000,1400000,1510994,0,1400000,0,0,834,834,0,0,0,0,0,0,0,0,0,4,13003,Aug2022
Kyivska,UA32,1789300,969870,819430,153069,163542,316611,253461,137057,390518,66045,1789300,872000,872000,917300,0,872000,0,0,28132,28132,0,0,0,0,0,0,0,0,0,6,11762,Aug2022
Luhanska,UA44,2098324,1136515,961809,91298,98018,189316,436762,256423,693185,282493,2098324,1300000,1300000,798324,0,1300000,0,0,26688,295,26222,171,11,27,1,755,0,0,1,25,3378,Aug2022
Lvivska,UA46,2459763,1294772,1164991,192773,203584,396357,343762,206012,549774,11244,2459763,919000,919000,1540763,0,919000,0,0,21824,21824,0,0,0,2,0,0,0,0,0,4,8732,Aug2022
Mykolaivska,UA48,1091106,584957,506149,79731,85170,164901,170974,95197,266171,8316,1091106,552000,552000,539106,0,552000,0,0,24016,23763,119,134,10,389,0,326,0,0,10,22,15290,Aug2022
Odeska,UA51,2340332,1237452,1102880,189998,203812,393810,333832,194370,528202,38602,2340332,976000,976000,1364332,0,976000,0,0,33348,33348,0,0,0,8,0,2,0,0,1,9,10576,Aug2022
Poltavska,UA53,1344445,722656,621789,91171,97568,188739,219156,120834,339990,22643,1344445,634000,634000,710445,0,634000,0,0,28723,28723,0,0,0,1,0,0,0,0,0,5,14727,Aug2022
Rivnenska,UA56,1140724,598625,542099,111755,117385,229140,138715,81699,220414,3022,1140724,383000,383000,757724,0,383000,0,0,20053,20053,0,0,0,2,0,0,0,0,0,5,9093,Aug2022
Sumska,UA59,1033580,558993,474587,64296,68282,132578,177893,100633,278526,11247,1033580,524000,524000,509580,0,524000,0,0,23842,23842,0,0,2,176,0,1,0,0,5,10,15207,Aug2022
Ternopilska,UA61,1018462,541302,477160,76461,80396,156857,147742,86344,234086,2159,1018462,358000,358000,660462,0,358000,0,0,13833,13833,0,0,0,0,0,0,0,0,0,5,5848,Aug2022
Vinnytska,UA05,1502430,805537,696893,110508,117742,228250,238346,134465,372811,11311,1502430,548000,548000,954430,0,548000,0,0,26491,26491,0,0,0,1,0,0,0,0,5,3,12778,Aug2022
Volynska,UA07,1018628,537725,480903,95205,101245,196450,129037,73972,203009,3105,1018628,363000,363000,655628,0,363000,0,0,20149,20149,0,0,0,0,0,0,0,0,0,2,6523,Aug2022
Zakarpatska,UA21,1241643,644559,597084,117513,124691,242204,141186,88706,229892,3368,1241643,493000,493000,748643,0,493000,0,0,12758,12758,0,0,0,2,0,0,0,0,0,2,5820,Aug2022
Zaporizka,UA23,1637673,889959,747714,112990,119983,232973,277337,147331,424668,56284,1637673,777000,777000,860673,0,777000,0,0,27180,6795,20385,0,12,417,6,301,0,0,7,20,17761,Aug2022
Zhytomyrska,UA18,1179801,629467,550334,92406,98146,190552,179745,98703,278448,7057,1179801,424000,424000,755801,0,424000,0,0,29839,29839,0,0,0,2,0,0,0,0,0,4,12133,Aug2022
Cherkaska,UA71,1157115,624475,532640,75552,81536,157088,196700,110769,307469,145607,1157115,400000,400000,757115,0,400000,0,0,20940,20940,0,0,0,2,0,10,0,0,0,1,11672,Sep2022
Chernihivska,UA74,950773,518447,432326,61356,64084,125440,174896,90800,265696,78407,950773,483000,483000,467773,0,483000,0,0,31895,31895,0,0,0,63,0,0,0,0,0,2,10745,Sep2022
Chernivetska,UA73,887392,468777,418615,73482,78391,151873,116988,69688,186676,73306,887392,341000,341000,546392,0,341000,0,0,8095,8095,0,0,0,0,0,0,0,0,0,1,3487,Sep2022
Dnipropetrovska,UA12,3093176,1680750,1412426,226943,240091,467034,503014,265558,768572,332752,3093176,1400000,1400000,1693176,0,1400000,0,0,31910,31910,0,0,12,139,0,104,0,0,86,1,20799,Sep2022
Donetska,UA14,4046487,2207252,1839235,204708,218811,423519,810872,465603,1276475,512237,4046487,2500000,2500000,1546487,0,2500000,0,0,26500,11149,15055,296,367,1567,2,518,0,0,188,48,8358,Sep2022
Ivano-Frankivska,UA26,1349096,711226,637870,108676,115708,224384,181690,108256,289946,111113,1349096,470000,470000,879096,0,470000,0,0,13933,13933,0,0,0,0,0,0,0,0,0,1,6807,Sep2022
Kharkivska,UA63,2583325,1384642,1198683,169358,180505,349863,412784,224680,637464,403779,2583325,764000,764000,1819325,0,764000,0,0,31435,29566,1813,56,96,591,13,460,0,0,10,78,20049,Sep2022
Khersonska,UA65,1000166,535440,464726,76623,81913,158536,153827,84911,238738,14614,1000166,160000,160000,840166,0,160000,0,0,26657,0,26657,0,70,399,27,854,0,0,20,38,8473,Sep2022
Khmelnytska,UA68,1225666,655503,570163,92902,97681,190583,193654,109045,302699,99534,1225666,389000,389000,836666,0,389000,0,0,20628,20628,0,0,0,0,0,0,0,0,5,1,8368,Sep2022
Kirovohradska,UA35,897297,483025,414272,63954,67838,131792,148637,82051,230688,90525,897297,288000,288000,609297,0,288000,0,0,24578,24578,0,0,0,1,0,0,0,0,0,1,10153,Sep2022
Kyiv,UA80,2910994,1568793,1342201,232566,248470,481036,401501,236765,638266,177477,2910994,1400000,1400000,1510994,0,1400000,0,0,834,834,0,0,0,0,0,0,0,0,9,1,11335,Sep2022
Kyivska,UA32,1789300,969870,819430,153069,163542,316611,253461,137057,390518,325074,1789300,872000,872000,917300,0,872000,0,0,28132,28132,0,0,0,0,0,0,0,0,23,1,10546,Sep2022
Luhanska,UA44,2098324,1136515,961809,91298,98018,189316,436762,256423,693185,282493,2098324,1300000,1300000,798324,0,1300000,0,0,26688,7,26622,59,14,75,2,1068,0,0,2,30,3242,Sep2022
Lvivska,UA46,2459763,1294772,1164991,192773,203584,396357,343762,206012,549774,110371,2459763,919000,919000,1540763,0,919000,0,0,21824,21824,0,0,0,0,0,0,0,0,0,1,8067,Sep2022
Mykolaivska,UA48,1091106,584957,506149,79731,85170,164901,170974,95197,266171,103217,1091106,552000,552000,539106,0,552000,0,0,24016,22858,1024,134,31,373,2,195,0,0,18,28,14700,Sep2022
Odeska,UA51,2340332,1237452,1102880,189998,203812,393810,333832,194370,528202,113630,2340332,976000,976000,1364332,0,976000,0,0,33348,33348,0,0,0,19,0,2,0,0,2,2,9744,Sep2022
Poltavska,UA53,1344445,722656,621789,91171,97568,188739,219156,120834,339990,199678,1344445,634000,634000,710445,0,634000,0,0,28723,28723,0,0,0,0,0,0,0,0,0,2,13627,Sep2022
Rivnenska,UA56,1140724,598625,542099,111755,117385,229140,138715,81699,220414,79088,1140724,383000,383000,757724,0,383000,0,0,20053,20053,0,0,0,0,0,0,0,0,0,1,8319,Sep2022
Sumska,UA59,1033580,558993,474587,64296,68282,132578,177893,100633,278526,61722,1033580,524000,524000,509580,0,524000,0,0,23842,23842,0,0,4,170,0,2,0,0,51,6,14489,Sep2022
Ternopilska,UA61,1018462,541302,477160,76461,80396,156857,147742,86344,234086,86528,1018462,358000,358000,660462,0,358000,0,0,13833,13833,0,0,0,0,0,0,0,0,0,1,5320,Sep2022
Vinnytska,UA05,1502430,805537,696893,110508,117742,228250,238346,134465,372811,177409,1502430,548000,548000,954430,0,548000,0,0,26491,26491,0,0,0,0,0,0,0,0,0,1,11479,Sep2022
Volynska,UA07,1018628,537725,480903,95205,101245,196450,129037,73972,203009,51307,1018628,363000,363000,655628,0,363000,0,0,20149,20149,0,0,0,0,0,0,0,0,0,1,6117,Sep2022
Zakarpatska,UA21,1241643,644559,597084,117513,124691,242204,141186,88706,229892,166316,1241643,493000,493000,748643,0,493000,0,0,12758,12758,0,0,0,0,0,0,0,0,0,1,5627,Sep2022
Zaporizka,UA23,1637673,889959,747714,112990,119983,232973,277337,147331,424668,194904,1637673,777000,777000,860673,0,777000,0,0,27180,6795,20385,0,9,501,3,350,0,0,3,42,17622,Sep2022
Zhytomyrska,UA18,1179801,629467,550334,92406,98146,190552,179745,98703,278448,73827,1179801,424000,424000,755801,0,424000,0,0,29839,29839,0,0,0,0,0,0,0,0,0,3,11315,Sep2022
Cherkaska,UA71,1157115,624475,532640,75552,81536,157088,196700,110769,307469,150090,1157115,400000,400000,757115,0,400000,0,0,20940,20940,0,0,0,3,0,0,0,0,1,0,10691,Oct2022
Chernihivska,UA74,950773,518447,432326,61356,64084,125440,174896,90800,265696,79121,950773,483000,483000,467773,0,483000,0,0,31895,31895,0,0,0,57,0,5,0,0,0,29,9396,Oct2022
Chernivetska,UA73,887392,468777,418615,73482,78391,151873,116988,69688,186676,72702,887392,341000,341000,546392,0,341000,0,0,8095,8095,0,0,0,2,0,0,0,0,1,0,3036,Oct2022
Dnipropetrovska,UA12,3093176,1680750,1412426,226943,240091,467034,503014,265558,768572,348623,3093176,1400000,1400000,1693176,0,1400000,0,0,31910,31910,0,0,2,126,0,4,0,0,74,3,19554,Oct2022
Donetska,UA14,4046487,2207252,1839235,204708,218811,423519,810872,465603,1276475,512237,4046487,2500000,2500000,1546487,0,2500000,0,0,26500,11149,15055,296,446,1118,0,958,0,0,40,12,8334,Oct2022
Ivano-Frankivska,UA26,1349096,711226,637870,108676,115708,224384,181690,108256,289946,96671,1349096,470000,470000,879096,0,470000,0,0,13933,13933,0,0,0,2,0,0,0,0,0,2,6124,Oct2022
Kharkivska,UA63,2583325,1384642,1198683,169358,180505,349863,412784,224680,637464,422390,2583325,764000,764000,1819325,0,764000,0,0,31435,30677,690,68,82,510,0,268,0,0,29,47,19683,Oct2022
Khersonska,UA65,1000166,535440,464726,76623,81913,158536,153827,84911,238738,14614,1000166,160000,160000,840166,0,160000,0,0,26657,0,26657,0,176,268,19,1164,0,0,9,16,7949,Oct2022
Khmelnytska,UA68,1225666,655503,570163,92902,97681,190583,193654,109045,302699,95869,1225666,389000,389000,836666,0,389000,0,0,20628,20628,0,0,0,5,0,0,0,0,1,1,7296,Oct2022
Kirovohradska,UA35,897297,483025,414272,63954,67838,131792,148637,82051,230688,91654,897297,288000,288000,609297,0,288000,0,0,24578,24578,0,0,0,3,0,0,0,0,1,1,9136,Oct2022
Kyiv,UA80,2910994,1568793,1342201,232566,248470,481036,401501,236765,638266,194112,2910994,1400000,1400000,1510994,0,1400000,0,0,834,834,0,0,0,9,0,11,0,0,1,1,10549,Oct2022
Kyivska,UA32,1789300,969870,819430,153069,163542,316611,253461,137057,390518,335484,1789300,872000,872000,917300,0,872000,0,0,28132,28132,0,0,0,8,0,1,0,0,2,15,9323,Oct2022
Luhanska,UA44,2098324,1136515,961809,91298,98018,189316,436762,256423,693185,282493,2098324,1300000,1300000,798324,0,1300000,0,0,26688,295,26222,171,86,139,3,632,0,0,1,11,3130,Oct2022
Lvivska,UA46,2459763,1294772,1164991,192773,203584,396357,343762,206012,549774,248692,2459763,919000,919000,1540763,0,919000,0,0,21824,21824,0,0,0,3,0,0,0,0,0,4,7723,Oct2022
Mykolaivska,UA48,1091106,584957,506149,79731,85170,164901,170974,95197,266171,99525,1091106,552000,552000,539106,0,552000,0,0,24016,23885,119,12,21,170,0,72,0,0,14,6,14051,Oct2022
Odeska,UA51,2340332,1237452,1102880,189998,203812,393810,333832,194370,528202,120581,2340332,976000,976000,1364332,0,976000,0,0,33348,33348,0,0,0,8,0,0,0,0,2,0,9030,Oct2022
Poltavska,UA53,1344445,722656,621789,91171,97568,188739,219156,120834,339990,201996,1344445,634000,634000,710445,0,634000,0,0,28723,28723,0,0,1,2,0,1,0,0,1,3,12226,Oct2022
Rivnenska,UA56,1140724,598625,542099,111755,117385,229140,138715,81699,220414,80985,1140724,383000,383000,757724,0,383000,0,0,20053,20053,0,0,0,1,0,0,0,0,0,1,7483,Oct2022
Sumska,UA59,1033580,558993,474587,64296,68282,132578,177893,100633,278526,69805,1033580,524000,524000,509580,0,524000,0,0,23842,23842,0,0,0,159,0,11,0,0,3,28,12716,Oct2022
Ternopilska,UA61,1018462,541302,477160,76461,80396,156857,147742,86344,234086,83506,1018462,358000,358000,660462,0,358000,0,0,13833,13833,0,0,0,1,0,0,0,0,0,4,4967,Oct2022
Vinnytska,UA05,1502430,805537,696893,110508,117742,228250,238346,134465,372811,182282,1502430,548000,548000,954430,0,548000,0,0,26491,26491,0,0,0,6,0,1,0,0,0,1,9873,Oct2022
Volynska,UA07,1018628,537725,480903,95205,101245,196450,129037,73972,203009,51307,1018628,363000,363000,655628,0,363000,0,0,20149,20149,0,0,0,2,0,0,0,0,0,0,5211,Oct2022
Zakarpatska,UA21,1241643,644559,597084,117513,124691,242204,141186,88706,229892,155464,1241643,493000,493000,748643,0,493000,0,0,12758,12758,0,0,0,0,0,0,0,0,0,0,5142,Oct2022
Zaporizka,UA23,1637673,889959,747714,112990,119983,232973,277337,147331,424668,197462,1637673,777000,777000,860673,0,777000,0,0,27180,6795,20385,0,7,416,4,409,0,0,43,19,16730,Oct2022
Zhytomyrska,UA18,1179801,629467,550334,92406,98146,190552,179745,98703,278448,71522,1179801,424000,424000,755801,0,424000,0,0,29839,29839,0,0,0,2,0,0,0,0,3,2,9759,Oct2022
Cherkaska,UA71,1157115,624475,532640,75552,81536,157088,196700,110769,307469,146693,1157115,400000,400000,757115,0,400000,0,0,20940,20940,0,0,0,3,0,0,0,0,0,1,9212,Nov2022
Chernihivska,UA74,950773,518447,432326,61356,64084,125440,174896,90800,265696,78947,950773,483000,483000,467773,0,483000,0,0,31895,31895,0,0,0,48,0,0,0,0,0,2,8740,Nov2022
Chernivetska,UA73,887392,468777,418615,73482,78391,151873,116988,69688,186676,72222,887392,341000,341000,546392,0,341000,0,0,8095,8095,0,0,0,0,0,0,0,0,0,1,2587,Nov2022
Dnipropetrovska,UA12,3093176,1680750,1412426,226943,240091,467034,503014,265558,768572,359785,3093176,1400000,1400000,1693176,0,1400000,0,0,31910,31910,0,0,4,119,0,12,0,0,57,1,17020,Nov2022
Donetska,UA14,4046487,2207252,1839235,204708,218811,423519,810872,465603,1276475,512237,4046487,2500000,2500000,1546487,0,2500000,0,0,26500,11149,15055,296,471,1029,1,831,0,0,26,15,7488,Nov2022
Ivano-Frankivska,UA26,1349096,711226,637870,108676,115708,224384,181690,108256,289946,141575,1349096,470000,470000,879096,0,470000,0,0,13933,13933,0,0,0,0,0,0,0,0,0,1,5425,Nov2022
Kharkivska,UA63,2583325,1384642,1198683,169358,180505,349863,412784,224680,637464,437083,2583325,764000,764000,1819325,0,764000,0,0,31435,30677,690,68,25,585,1,61,0,0,27,49,16910,Nov2022
Khersonska,UA65,1000166,535440,464726,76623,81913,158536,153827,84911,238738,14614,1000166,160000,160000,840166,0,160000,0,0,26657,6615,18962,1080,38,373,17,429,0,0,22,34,7432,Nov2022
Khmelnytska,UA68,1225666,655503,570163,92902,97681,190583,193654,109045,302699,93555,1225666,389000,389000,836666,0,389000,0,0,20628,20628,0,0,0,2,0,0,0,0,1,1,6017,Nov2022
Kirovohradska,UA35,897297,483025,414272,63954,67838,131792,148637,82051,230688,91852,897297,288000,288000,609297,0,288000,0,0,24578,24578,0,0,0,2,0,0,0,0,6,2,7774,Nov2022
Kyiv,UA80,1789300,969870,819430,232566,248470,481036,401501,236765,638266,208107,2910994,1400000,1400000,1510994,0,1400000,0,0,834,834,0,0,0,3,0,4,0,0,12,1,7630,Nov2022
Kyivska,UA32,2910994,1568793,1342201,153069,163542,316611,253461,137057,390518,324354,1789300,872000,872000,917300,0,872000,0,0,28132,28132,0,0,0,5,0,8,0,0,3,2,9163,Nov2022
Luhanska,UA44,2098324,1136515,961809,91298,98018,189316,436762,256423,693185,282493,2098324,1300000,1300000,798324,0,1300000,0,0,26688,275,26236,177,164,206,6,1868,0,0,17,14,3053,Nov2022
Lvivska,UA46,2459763,1294772,1164991,192773,203584,396357,343762,206012,549774,256954,2459763,919000,919000,1540763,0,919000,0,0,21824,21824,0,0,0,3,0,0,0,0,2,1,5623,Nov2022
Mykolaivska,UA48,1091106,584957,506149,79731,85170,164901,170974,95197,266171,110031,1091106,552000,552000,539106,0,552000,0,0,24016,23897,119,0,4,60,1,142,0,0,3,10,12550,Nov2022
Odeska,UA51,2340332,1237452,1102880,189998,203812,393810,333832,194370,528202,128887,2340332,976000,976000,1364332,0,976000,0,0,33348,33348,0,0,0,3,0,0,0,0,4,2,8484,Nov2022
Poltavska,UA53,1344445,722656,621789,91171,97568,188739,219156,120834,339990,201631,1344445,634000,634000,710445,0,634000,0,0,28723,28723,0,0,0,3,0,0,0,0,2,1,9888,Nov2022
Rivnenska,UA56,1140724,598625,542099,111755,117385,229140,138715,81699,220414,82407,1140724,383000,383000,757724,0,383000,0,0,20053,20053,0,0,0,1,0,0,0,0,1,1,6595,Nov2022
Sumska,UA59,1033580,558993,474587,64296,68282,132578,177893,100633,278526,71968,1033580,524000,524000,509580,0,524000,0,0,23842,23842,0,0,0,157,0,2,0,0,42,1,11816,Nov2022
Ternopilska,UA61,1018462,541302,477160,76461,80396,156857,147742,86344,234086,84369,1018462,358000,358000,660462,0,358000,0,0,13833,13833,0,0,0,1,0,0,0,0,0,1,3666,Nov2022
Vinnytska,UA05,1018628,537725,480903,110508,117742,228250,238346,134465,372811,176654,1502430,548000,548000,954430,0,548000,0,0,26491,26491,0,0,0,2,0,0,0,0,2,2,8585,Nov2022
Volynska,UA07,1241643,644559,597084,95205,101245,196450,129037,73972,203009,51994,1018628,363000,363000,655628,0,363000,0,0,20149,20149,0,0,0,1,0,0,0,0,1,1,4561,Nov2022
Zakarpatska,UA21,1502430,805537,696893,117513,124691,242204,141186,88706,229892,162421,1241643,493000,493000,748643,0,493000,0,0,12758,12758,0,0,0,0,0,0,0,0,0,1,4580,Nov2022
Zaporizka,UA23,1637673,889959,747714,112990,119983,232973,277337,147331,424668,196782,1637673,777000,777000,860673,0,777000,0,0,27180,6795,20385,0,20,510,7,1108,0,0,31,13,15477,Nov2022
Zhytomyrska,UA18,1179801,629467,550334,92406,98146,190552,179745,98703,278448,70646,1179801,424000,424000,755801,0,424000,0,0,29839,29839,0,0,0,1,0,0,0,0,3,1,8594,Nov2022
Cherkaska,UA71,1157115,624475,532640,75552,81536,157088,196700,110769,307469,148995,1157115,359000,359000,798115,0,359000,0,0,20940,20940,0,0,0,1,0,0,0,0,0,2,7850,Dec2022
Chernihivska,UA74,950773,518447,432326,61356,64084,125440,174896,90800,265696,77502,950773,477000,477000,473773,0,477000,0,0,31895,31895,0,0,0,50,0,1,0,0,0,0,7455,Dec2022
Chernivetska,UA73,887392,468777,418615,73482,78391,151873,116988,69688,186676,70901,887392,238000,238000,649392,0,238000,0,0,8095,8095,0,0,0,0,0,0,0,0,0,0,2338,Dec2022
Dnipropetrovska,UA12,3093176,1680750,1412426,226943,240091,467034,503014,265558,768572,363729,3093176,1100000,1100000,1993176,0,836000,264000,0,31910,31910,0,0,0,85,0,6,0,0,88,0,14446,Dec2022
Donetska,UA14,4046487,2207252,1839235,204708,218811,423519,810872,465603,1276475,512237,4046487,2600000,2600000,1446487,0,0,0,2600000,26500,11149,15055,296,406,1126,0,510,0,0,21,17,7039,Dec2022
Ivano-Frankivska,UA26,1349096,711226,637870,108676,115708,224384,181690,108256,289946,144335,1349096,360000,360000,989096,0,360000,0,0,13933,13933,0,0,0,2,0,0,0,0,0,0,4934,Dec2022
Kharkivska,UA63,2583325,1384642,1198683,169358,180505,349863,412784,224680,637464,442584,2583325,1700000,1700000,883325,0,1479000,187000,34000,31435,30677,690,68,9,657,0,196,0,0,49,25,14774,Dec2022
Khersonska,UA65,1000166,535440,464726,76623,81913,158536,153827,84911,238738,14614,1000166,239000,239000,761166,0,0,0,239000,26657,6615,18962,1080,0,312,4,890,0,0,56,29,6794,Dec2022
Khmelnytska,UA68,1225666,655503,570163,92902,97681,190583,193654,109045,302699,92198,1225666,402000,402000,823666,0,402000,0,0,20628,20628,0,0,0,1,0,1,0,0,2,0,5574,Dec2022
Kirovohradska,UA35,897297,483025,414272,63954,67838,131792,148637,82051,230688,96026,897297,245000,245000,652297,0,245000,0,0,24578,24578,0,0,0,0,0,0,0,0,0,3,6594,Dec2022
Kyiv,UA80,1789300,969870,819430,232566,248470,481036,401501,236765,638266,213634,2910994,1300000,1300000,1610994,0,1300000,0,0,834,834,0,0,0,9,1,1,0,0,21,0,6407,Dec2022
Kyivska,UA32,2910994,1568793,1342201,153069,163542,316611,253461,137057,390518,337638,1789300,1100000,1100000,689300,0,1100000,0,0,28132,28132,0,0,0,3,0,0,0,0,2,0,9121,Dec2022
Luhanska,UA44,2098324,1136515,961809,91298,98018,189316,436762,256423,693185,282493,2098324,1200000,1200000,898324,0,0,0,1200000,26688,295,26222,171,122,187,2,724,0,0,0,28,2962,Dec2022
Lvivska,UA46,2459763,1294772,1164991,192773,203584,396357,343762,206012,549774,252050,2459763,605000,605000,1854763,0,605000,0,0,21824,21824,0,0,0,1,0,0,0,0,1,0,5147,Dec2022
Mykolaivska,UA48,1091106,584957,506149,79731,85170,164901,170974,95197,266171,113756,1091106,552000,552000,539106,0,149040,402960,0,24016,23897,119,0,0,30,0,1,0,0,6,2,9970,Dec2022
Odeska,UA51,2340332,1237452,1102880,189998,203812,393810,333832,194370,528202,132237,2340332,636000,636000,1704332,0,114480,521520,0,33348,33348,0,0,0,4,0,0,0,0,5,3,8073,Dec2022
Poltavska,UA53,1344445,722656,621789,91171,97568,188739,219156,120834,339990,197417,1344445,462000,462000,882445,0,462000,0,0,28723,28723,0,0,0,0,0,0,0,0,0,0,8391,Dec2022
Rivnenska,UA56,1140724,598625,542099,111755,117385,229140,138715,81699,220414,83251,1140724,321000,321000,819724,0,321000,0,0,20053,20053,0,0,0,0,0,0,0,0,0,0,6045,Dec2022
Sumska,UA59,1033580,558993,474587,64296,68282,132578,177893,100633,278526,71970,1033580,628000,628000,405580,0,628000,0,0,23842,23842,0,0,3,185,0,5,0,0,29,1,11252,Dec2022
Ternopilska,UA61,1018462,541302,477160,76461,80396,156857,147742,86344,234086,82537,1018462,306000,306000,712462,0,306000,0,0,13833,13833,0,0,0,0,0,0,0,0,0,1,3558,Dec2022
Vinnytska,UA05,1018628,537725,480903,110508,117742,228250,238346,134465,372811,180007,1502430,544000,544000,958430,0,544000,0,0,26491,26491,0,0,0,2,0,0,0,0,1,0,7682,Dec2022
Volynska,UA07,1241643,644559,597084,95205,101245,196450,129037,73972,203009,51310,1018628,282000,282000,736628,0,282000,0,0,20149,20149,0,0,0,0,0,0,0,0,0,0,4358,Dec2022
Zakarpatska,UA21,1502430,805537,696893,117513,124691,242204,141186,88706,229892,156728,1241643,428000,428000,813643,0,428000,0,0,12758,12758,0,0,0,0,0,0,0,0,0,0,3917,Dec2022
Zaporizka,UA23,1637673,889959,747714,112990,119983,232973,277337,147331,424668,200199,1637673,883000,883000,754673,0,0,0,883000,27180,6795,20385,0,9,450,2,435,0,0,12,17,13840,Dec2022
Zhytomyrska,UA18,1179801,629467,550334,92406,98146,190552,179745,98703,278448,69761,1179801,575000,575000,604801,0,575000,0,0,29839,29839,0,0,0,2,0,2,0,0,1,0,7987,Dec2022
Cherkaska,UA71,1157115,624475,532640,75552,81536,157088,196700,110769,307469,146186,1157115,359000,359000,798115,0,359000,0,0,20940,20940,0,0,0,0,0,0,0,0,0,1,7034,Jan2023
Chernihivska,UA74,950773,518447,432326,61356,64084,125440,174896,90800,265696,74826,950773,477000,477000,473773,0,477000,0,0,31895,31895,0,0,0,60,0,0,0,0,0,2,6347,Jan2023
Chernivetska,UA73,887392,468777,418615,73482,78391,151873,116988,69688,186676,67451,887392,238000,238000,649392,0,238000,0,0,8095,8095,0,0,0,0,0,0,0,0,0,0,2057,Jan2023
Dnipropetrovska,UA12,3093176,1680750,1412426,226943,240091,467034,503014,265558,768572,367089,3093176,1100000,1100000,1993176,0,836000,264000,0,31910,31910,0,0,0,69,0,51,0,0,57,1,12749,Jan2023
Donetska,UA14,4046487,2207252,1839235,204708,218811,423519,810872,465603,1276475,512237,4046487,2600000,2600000,1446487,0,0,0,2600000,26500,11008,15196,296,499,1128,2,1883,0,0,59,31,6668,Jan2023
Ivano-Frankivska,UA26,1349096,711226,637870,108676,115708,224384,181690,108256,289946,141484,1349096,360000,360000,989096,0,360000,0,0,13933,13933,0,0,0,1,0,0,0,0,1,0,4353,Jan2023
Kharkivska,UA63,2583325,1384642,1198683,169358,180505,349863,412784,224680,637464,456946,2583325,1700000,1700000,883325,0,1479000,187000,34000,31435,30712,648,75,18,668,0,295,0,0,39,15,12890,Jan2023
Khersonska,UA65,1000166,535440,464726,76623,81913,158536,153827,84911,238738,1032,1000166,239000,239000,761166,0,0,0,239000,26657,6615,18962,1080,5,360,5,60,0,0,114,34,6341,Jan2023
Khmelnytska,UA68,1225666,655503,570163,92902,97681,190583,193654,109045,302699,90513,1225666,402000,402000,823666,0,402000,0,0,20628,20628,0,0,0,0,0,0,0,0,0,0,4896,Jan2023
Kirovohradska,UA35,897297,483025,414272,63954,67838,131792,148637,82051,230688,94484,897297,245000,245000,652297,0,245000,0,0,24578,24578,0,0,0,0,0,0,0,0,0,1,5703,Jan2023
Kyiv,UA80,1789300,969870,819430,232566,248470,481036,401501,236765,638266,225074,2910994,1300000,1300000,1610994,0,1300000,0,0,834,834,0,0,0,3,0,1,0,0,4,0,5057,Jan2023
Kyivska,UA32,2910994,1568793,1342201,153069,163542,316611,253461,137057,390518,336814,1789300,1100000,1100000,689300,0,1100000,0,0,28132,28132,0,0,0,1,0,0,0,0,3,4,8184,Jan2023
Luhanska,UA44,2098324,1136515,961809,91298,98018,189316,436762,256423,693185,282493,2098324,1200000,1200000,898324,0,0,0,1200000,26688,329,26198,161,107,204,1,182,0,0,2,18,2862,Jan2023
Lvivska,UA46,2459763,1294772,1164991,192773,203584,396357,343762,206012,549774,247067,2459763,605000,605000,1854763,0,605000,0,0,21824,21824,0,0,0,1,0,0,0,0,1,1,4482,Jan2023
Mykolaivska,UA48,1091106,584957,506149,79731,85170,164901,170974,95197,266171,115721,1091106,552000,552000,539106,0,149040,402960,0,24016,23897,119,0,0,31,0,1,0,0,3,6,8477,Jan2023
Odeska,UA51,2340332,1237452,1102880,189998,203812,393810,333832,194370,528202,139556,2340332,636000,636000,1704332,0,114480,521520,0,33348,33348,0,0,0,2,0,0,0,0,2,4,7709,Jan2023
Poltavska,UA53,1344445,722656,621789,91171,97568,188739,219156,120834,339990,193733,1344445,462000,462000,882445,0,462000,0,0,28723,28723,0,0,0,0,0,0,0,0,0,0,7490,Jan2023
Rivnenska,UA56,1140724,598625,542099,111755,117385,229140,138715,81699,220414,58644,1140724,321000,321000,819724,0,321000,0,0,20053,20053,0,0,0,0,0,0,0,0,0,1,5327,Jan2023
Sumska,UA59,1033580,558993,474587,64296,68282,132578,177893,100633,278526,69126,1033580,628000,628000,405580,0,628000,0,0,23842,23842,0,0,1,197,0,2,0,0,37,1,10097,Jan2023
Ternopilska,UA61,1018462,541302,477160,76461,80396,156857,147742,86344,234086,80771,1018462,306000,306000,712462,0,306000,0,0,13833,13833,0,0,0,0,0,0,0,0,0,0,3102,Jan2023
Vinnytska,UA05,1018628,537725,480903,110508,117742,228250,238346,134465,372811,178572,1502430,544000,544000,958430,0,544000,0,0,26491,26491,0,0,0,2,0,0,0,0,1,0,6912,Jan2023
Volynska,UA07,1241643,644559,597084,95205,101245,196450,129037,73972,203009,50001,1018628,282000,282000,736628,0,282000,0,0,20149,20149,0,0,0,0,0,0,0,0,0,1,3964,Jan2023
Zakarpatska,UA21,1502430,805537,696893,117513,124691,242204,141186,88706,229892,149786,1241643,428000,428000,813643,0,428000,0,0,12758,12758,0,0,0,0,0,0,0,0,0,0,3377,Jan2023
Zaporizka,UA23,1637673,889959,747714,112990,119983,232973,277337,147331,424668,156134,1637673,883000,883000,754673,0,0,0,883000,27180,6795,20385,0,37,525,3,149,0,0,65,27,12611,Jan2023
Zhytomyrska,UA18,1179801,629467,550334,92406,98146,190552,179745,98703,278448,68952,1179801,575000,575000,604801,0,575000,0,0,29839,29839,0,0,0,0,0,0,0,0,0,1,7276,Jan2023
Cherkaska,UA71,1157115,624475,532640,75552,81536,157088,196700,110769,307469,136066,1157115,359000,359000,798115,0,359000,0,0,20940,20940,0,0,0,0,0,0,1,6,0,2,6331,Feb2023
Chernihivska,UA74,950773,518447,432326,61356,64084,125440,174896,90800,265696,72342,950773,477000,477000,473773,0,477000,0,0,31895,31895,0,0,0,62,0,6,489,735,5,9,5865,Feb2023
Chernivetska,UA73,887392,468777,418615,73482,78391,151873,116988,69688,186676,87937,887392,238000,238000,649392,0,238000,0,0,8095,8095,0,0,0,0,0,0,0,0,0,1,1828,Feb2023
Dnipropetrovska,UA12,3093176,1680750,1412426,226943,240091,467034,503014,265558,768572,372279,3093176,1100000,1100000,1993176,0,836000,264000,0,31910,31910,0,0,1,70,0,6,157,530,43,5,11209,Feb2023
Donetska,UA14,4046487,2207252,1839235,204708,218811,423519,810872,465603,1276475,67002,4046487,2600000,2600000,1446487,0,0,0,2600000,26500,10938,15303,259,505,1109,0,1286,2167,3263,58,46,6378,Feb2023
Ivano-Frankivska,UA26,1349096,711226,637870,108676,115708,224384,181690,108256,289946,134452,1349096,360000,360000,989096,0,360000,0,0,13933,13933,0,0,0,0,0,0,0,0,0,1,4163,Feb2023
Kharkivska,UA63,2583325,1384642,1198683,169358,180505,349863,412784,224680,637464,467154,2583325,1700000,1700000,883325,0,1479000,187000,34000,31435,30704,653,78,49,569,0,171,1782,2607,36,40,11352,Feb2023
Khersonska,UA65,1000166,535440,464726,76623,81913,158536,153827,84911,238738,10961,1000166,239000,239000,761166,0,0,0,239000,26657,6616,18935,1106,2,403,0,79,832,847,28,66,6115,Feb2023
Khmelnytska,UA68,1225666,655503,570163,92902,97681,190583,193654,109045,302699,85801,1225666,402000,402000,823666,0,402000,0,0,20628,20628,0,0,0,3,0,2,0,0,2,4,4341,Feb2023
Kirovohradska,UA35,897297,483025,414272,63954,67838,131792,148637,82051,230688,93504,897297,245000,245000,652297,0,245000,0,0,24578,24578,0,0,0,1,0,0,6,13,2,1,4935,Feb2023
Kyiv,UA80,1789300,969870,819430,232566,248470,481036,401501,236765,638266,230689,2910994,1300000,1300000,1610994,0,1300000,0,0,834,834,0,0,0,1,0,0,72,114,1,3,4158,Feb2023
Kyivska,UA32,2910994,1568793,1342201,153069,163542,316611,253461,137057,390518,334037,1789300,1100000,1100000,689300,0,1100000,0,0,28132,28132,0,0,0,0,0,0,2290,734,0,16,6914,Feb2023
Luhanska,UA44,2098324,1136515,961809,91298,98018,189316,436762,256423,693185,282493,2098324,1200000,1200000,898324,0,0,0,1200000,26688,329,26198,161,133,147,0,245,725,971,1,42,2848,Feb2023
Lvivska,UA46,2459763,1294772,1164991,192773,203584,396357,343762,206012,549774,243877,2459763,605000,605000,1854763,0,605000,0,0,21824,21824,0,0,0,2,0,0,4,16,3,3,3914,Feb2023
Mykolaivska,UA48,1091106,584957,506149,79731,85170,164901,170974,95197,266171,117347,1091106,552000,552000,539106,0,149040,402960,0,24016,23897,119,0,2,38,0,0,490,1281,2,11,7499,Feb2023
Odeska,UA51,2340332,1237452,1102880,189998,203812,393810,333832,194370,528202,143213,2340332,636000,636000,1704332,0,114480,521520,0,33348,33348,0,0,0,2,0,0,34,92,1,5,7962,Feb2023
Poltavska,UA53,1344445,722656,621789,91171,97568,188739,219156,120834,339990,193102,1344445,462000,462000,882445,0,462000,0,0,28723,28723,0,0,0,1,0,0,24,119,1,2,6756,Feb2023
Rivnenska,UA56,1140724,598625,542099,111755,117385,229140,138715,81699,220414,57650,1140724,321000,321000,819724,0,321000,0,0,20053,20053,0,0,0,0,0,0,4,13,0,1,4846,Feb2023
Sumska,UA59,1033580,558993,474587,64296,68282,132578,177893,100633,278526,77229,1033580,628000,628000,405580,0,628000,0,0,23842,23842,0,0,0,274,1,0,160,209,3,8,9050,Feb2023
Ternopilska,UA61,1018462,541302,477160,76461,80396,156857,147742,86344,234086,78867,1018462,306000,306000,712462,0,306000,0,0,13833,13833,0,0,0,0,0,0,0,0,0,1,2746,Feb2023
Vinnytska,UA05,1018628,537725,480903,110508,117742,228250,238346,134465,372811,167988,1502430,544000,544000,958430,0,544000,0,0,26491,26491,0,0,0,0,0,0,24,204,0,1,6136,Feb2023
Volynska,UA07,1241643,644559,597084,95205,101245,196450,129037,73972,203009,57742,1018628,282000,282000,736628,0,282000,0,0,20149,20149,0,0,0,1,0,1,1,1,0,1,3710,Feb2023
Zakarpatska,UA21,1502430,805537,696893,117513,124691,242204,141186,88706,229892,145825,1241643,428000,428000,813643,0,428000,0,0,12758,12758,0,0,0,0,0,0,0,0,0,1,2918,Feb2023
Zaporizka,UA23,1637673,889959,747714,112990,119983,232973,277337,147331,424668,166078,1637673,883000,883000,754673,0,0,0,883000,27180,6642,20380,158,7,422,0,51,363,1010,3,27,11501,Feb2023
Zhytomyrska,UA18,1179801,629467,550334,92406,98146,190552,179745,98703,278448,67562,1179801,575000,575000,604801,0,575000,0,0,29839,29839,0,0,0,0,0,0,31,48,0,4,6527,Feb2023
Cherkaska,UA71,1157115,624475,532640,75552,81536,157088,196700,110769,307469,135291,1157115,359000,359000,798115,0,359000,0,0,20940,20940,0,0,0,0,0,0,1,6,0,0,5614,Mar2023
Chernihivska,UA74,950773,518447,432326,61356,64084,125440,174896,90800,265696,70901,950773,477000,477000,473773,0,477000,0,0,31895,31895,0,0,0,73,0,0,489,735,0,2,5344,Mar2023
Chernivetska,UA73,887392,468777,418615,73482,78391,151873,116988,69688,186676,86824,887392,238000,238000,649392,0,238000,0,0,8095,8095,0,0,0,0,0,0,0,0,0,0,1701,Mar2023
Dnipropetrovska,UA12,3093176,1680750,1412426,226943,240091,467034,503014,265558,768572,376307,3093176,1100000,1100000,1993176,0,836000,264000,0,31910,31910,0,0,2,58,0,6,157,530,30,1,10153,Mar2023
Donetska,UA14,4046487,2207252,1839235,204708,218811,423519,810872,465603,1276475,71250,4046487,2600000,2600000,1446487,0,0,0,2600000,26500,10887,15356,257,726,1084,2,1368,2167,3263,73,34,6133,Mar2023
Ivano-Frankivska,UA26,1349096,711226,637870,108676,115708,224384,181690,108256,289946,134174,1349096,360000,360000,989096,0,360000,0,0,13933,13933,0,0,0,1,0,0,0,0,0,0,3885,Mar2023
Kharkivska,UA63,2583325,1384642,1198683,169358,180505,349863,412784,224680,637464,475472,2583325,1700000,1700000,883325,0,1479000,187000,34000,31435,30704,653,78,50,553,0,235,1782,2607,30,30,11055,Mar2023
Khersonska,UA65,1000166,535440,464726,76623,81913,158536,153827,84911,238738,10961,1000166,239000,239000,761166,0,0,0,239000,26657,6616,18935,1106,8,487,2,187,832,847,20,61,5916,Mar2023
Khmelnytska,UA68,1225666,655503,570163,92902,97681,190583,193654,109045,302699,81571,1225666,402000,402000,823666,0,402000,0,0,20628,20628,0,0,0,0,0,0,0,0,0,0,3625,Mar2023
Kirovohradska,UA35,897297,483025,414272,63954,67838,131792,148637,82051,230688,92705,897297,245000,245000,652297,0,245000,0,0,24578,24578,0,0,0,1,0,0,6,13,0,1,4219,Mar2023
Kyiv,UA80,1789300,969870,819430,232566,248470,481036,401501,236765,638266,236031,2910994,1300000,1300000,1610994,0,1300000,0,0,834,834,0,0,0,4,0,0,72,114,1,2,3581,Mar2023
Kyivska,UA32,2910994,1568793,1342201,153069,163542,316611,253461,137057,390518,331662,1789300,1100000,1100000,689300,0,1100000,0,0,28132,28132,0,0,0,2,0,9,2290,734,2,4,6293,Mar2023
Luhanska,UA44,2098324,1136515,961809,91298,98018,189316,436762,256423,693185,282493,2098324,1200000,1200000,898324,0,0,0,1200000,26688,329,26198,161,160,130,0,262,725,971,0,47,2916,Mar2023
Lvivska,UA46,2459763,1294772,1164991,192773,203584,396357,343762,206012,549774,239652,2459763,605000,605000,1854763,0,605000,0,0,21824,21824,0,0,0,2,0,5,4,16,0,1,3691,Mar2023
Mykolaivska,UA48,1091106,584957,506149,79731,85170,164901,170974,95197,266171,119487,1091106,552000,552000,539106,0,149040,402960,0,24016,23897,119,0,0,33,0,6,490,1281,3,16,6789,Mar2023
Odeska,UA51,2340332,1237452,1102880,189998,203812,393810,333832,194370,528202,145565,2340332,636000,636000,1704332,0,114480,521520,0,33348,33348,0,0,0,7,0,0,34,92,4,6,6758,Mar2023
Poltavska,UA53,1344445,722656,621789,91171,97568,188739,219156,120834,339990,192104,1344445,462000,462000,882445,0,462000,0,0,28723,28723,0,0,0,2,0,0,24,119,0,1,6203,Mar2023
Rivnenska,UA56,1140724,598625,542099,111755,117385,229140,138715,81699,220414,55458,1140724,321000,321000,819724,0,321000,0,0,20053,20053,0,0,0,0,0,0,4,13,0,0,4649,Mar2023
Sumska,UA59,1033580,558993,474587,64296,68282,132578,177893,100633,278526,77721,1033580,628000,628000,405580,0,628000,0,0,23842,23842,0,0,0,278,0,4,160,209,18,6,8419,Mar2023
Ternopilska,UA61,1018462,541302,477160,76461,80396,156857,147742,86344,234086,77674,1018462,306000,306000,712462,0,306000,0,0,13833,13833,0,0,0,1,0,0,0,0,0,0,2361,Mar2023
Vinnytska,UA05,1018628,537725,480903,110508,117742,228250,238346,134465,372811,170181,1502430,544000,544000,958430,0,544000,0,0,26491,26491,0,0,0,1,0,0,24,204,0,0,5363,Mar2023
Volynska,UA07,1241643,644559,597084,95205,101245,196450,129037,73972,203009,54516,1018628,282000,282000,736628,0,282000,0,0,20149,20149,0,0,0,0,0,0,1,1,0,0,3399,Mar2023
Zakarpatska,UA21,1502430,805537,696893,117513,124691,242204,141186,88706,229892,143795,1241643,428000,428000,813643,0,428000,0,0,12758,12758,0,0,0,0,0,0,0,0,0,0,2559,Mar2023
Zaporizka,UA23,1637673,889959,747714,112990,119983,232973,277337,147331,424668,168697,1637673,883000,883000,754673,0,0,0,883000,27180,6642,20380,158,25,489,2,126,363,1010,8,23,10764,Mar2023
Zhytomyrska,UA18,1179801,629467,550334,92406,98146,190552,179745,98703,278448,66750,1179801,575000,575000,604801,0,575000,0,0,29839,29839,0,0,0,3,0,0,31,48,1,1,5912,Mar2023
Cherkaska,UA71,1157115,624475,532640,75552,81536,157088,196700,110769,307469,133896,1157115,359000,359000,798115,0,359000,0,0,20940,20940,0,0,0,1,0,24,1,6,0,1,5028,Apr2023
Chernihivska,UA74,950773,518447,432326,61356,64084,125440,174896,90800,265696,70425,950773,477000,477000,473773,0,477000,0,0,31895,31895,0,0,0,88,0,5,489,735,8,8,5039,Apr2023
Chernivetska,UA73,887392,468777,418615,73482,78391,151873,116988,69688,186676,86126,887392,238000,238000,649392,0,238000,0,0,8095,8095,0,0,0,0,0,0,0,0,0,0,1544,Apr2023
Dnipropetrovska,UA12,3093176,1680750,1412426,226943,240091,467034,503014,265558,768572,379857,3093176,1100000,1100000,1993176,0,836000,264000,0,31910,31910,0,0,0,30,0,3,157,530,28,4,9433,Apr2023
Donetska,UA14,4046487,2207252,1839235,204708,218811,423519,810872,465603,1276475,74582,4046487,2600000,2600000,1446487,0,0,0,2600000,26500,10887,15366,247,520,1268,2,2048,2167,3263,65,32,5946,Apr2023
Ivano-Frankivska,UA26,1349096,711226,637870,108676,115708,224384,181690,108256,289946,129374,1349096,360000,360000,989096,0,360000,0,0,13933,13933,0,0,0,0,0,0,0,0,0,0,3503,Apr2023
Kharkivska,UA63,2583325,1384642,1198683,169358,180505,349863,412784,224680,637464,483186,2583325,1700000,1700000,883325,0,1479000,187000,34000,31435,30727,655,53,32,541,1,232,1782,2607,16,37,10516,Apr2023
Khersonska,UA65,1000166,535440,464726,76623,81913,158536,153827,84911,238738,10961,1000166,239000,239000,761166,0,0,0,239000,26657,6616,18935,1106,8,389,1,216,832,847,48,55,5319,Apr2023
Khmelnytska,UA68,1225666,655503,570163,92902,97681,190583,193654,109045,302699,80202,1225666,402000,402000,823666,0,402000,0,0,20628,20628,0,0,0,0,0,0,0,0,0,1,3228,Apr2023
Kirovohradska,UA35,897297,483025,414272,63954,67838,131792,148637,82051,230688,92156,897297,245000,245000,652297,0,245000,0,0,24578,24578,0,0,0,0,0,0,6,13,0,1,3750,Apr2023
Kyiv,UA80,1789300,969870,819430,232566,248470,481036,401501,236765,638266,246089,2910994,1300000,1300000,1610994,0,1300000,0,0,834,834,0,0,0,1,0,0,72,114,0,0,3309,Apr2023
Kyivska,UA32,2910994,1568793,1342201,153069,163542,316611,253461,137057,390518,331686,1789300,1100000,1100000,689300,0,1100000,0,0,28132,28132,0,0,0,2,0,0,2290,734,0,3,5735,Apr2023
Luhanska,UA44,2098324,1136515,961809,91298,98018,189316,436762,256423,693185,282493,2098324,1200000,1200000,898324,0,0,0,1200000,26688,352,26207,129,130,124,1,204,725,971,0,23,2938,Apr2023
Lvivska,UA46,2459763,1294772,1164991,192773,203584,396357,343762,206012,549774,237062,2459763,605000,605000,1854763,0,605000,0,0,21824,21824,0,0,0,0,0,0,4,16,0,0,3534,Apr2023
Mykolaivska,UA48,1091106,584957,506149,79731,85170,164901,170974,95197,266171,119395,1091106,552000,552000,539106,0,149040,402960,0,24016,23897,119,0,0,18,0,7,490,1281,18,2,6328,Apr2023
Odeska,UA51,2340332,1237452,1102880,189998,203812,393810,333832,194370,528202,147328,2340332,636000,636000,1704332,0,114480,521520,0,33348,33348,0,0,0,2,0,0,34,92,3,3,5639,Apr2023
Poltavska,UA53,1344445,722656,621789,91171,97568,188739,219156,120834,339990,190776,1344445,462000,462000,882445,0,462000,0,0,28723,28723,0,0,0,1,0,0,24,119,0,0,5552,Apr2023
Rivnenska,UA56,1140724,598625,542099,111755,117385,229140,138715,81699,220414,54046,1140724,321000,321000,819724,0,321000,0,0,20053,20053,0,0,0,0,0,0,4,13,0,0,4311,Apr2023
Sumska,UA59,1033580,558993,474587,64296,68282,132578,177893,100633,278526,79235,1033580,628000,628000,405580,0,628000,0,0,23842,23842,0,0,0,235,0,3,160,209,22,6,7880,Apr2023
Ternopilska,UA61,1018462,541302,477160,76461,80396,156857,147742,86344,234086,76753,1018462,306000,306000,712462,0,306000,0,0,13833,13833,0,0,0,0,0,0,0,0,0,0,2124,Apr2023
Vinnytska,UA05,1018628,537725,480903,110508,117742,228250,238346,134465,372811,168123,1502430,544000,544000,958430,0,544000,0,0,26491,26491,0,0,0,1,0,0,24,204,0,0,4680,Apr2023
Volynska,UA07,1241643,644559,597084,95205,101245,196450,129037,73972,203009,53693,1018628,282000,282000,736628,0,282000,0,0,20149,20149,0,0,0,0,0,0,1,1,0,0,3167,Apr2023
Zakarpatska,UA21,1502430,805537,696893,117513,124691,242204,141186,88706,229892,142198,1241643,428000,428000,813643,0,428000,0,0,12758,12758,0,0,0,0,0,0,0,0,0,0,2299,Apr2023
Zaporizka,UA23,1637673,889959,747714,112990,119983,232973,277337,147331,424668,171718,1637673,883000,883000,754673,0,0,0,883000,27180,6659,20366,155,13,480,1,136,363,1010,14,25,10377,Apr2023
Zhytomyrska,UA18,1179801,629467,550334,92406,98146,190552,179745,98703,278448,65412,1179801,575000,575000,604801,0,575000,0,0,29839,29839,0,0,0,1,0,0,31,48,0,0,5808,Apr2023
Cherkaska,UA71,1157115,624475,532640,75552,81536,157088,196700,110769,307469,133717,1157115,359000,359000,798115,0,359000,0,0,20940,20940,0,0,0,1,0,0,1,6,1,2,4610,May2023
Chernihivska,UA74,950773,518447,432326,61356,64084,125440,174896,90800,265696,71255,950773,477000,477000,473773,0,477000,0,0,31895,31895,0,0,0,137,0,3,489,735,5,6,4853,May2023
Chernivetska,UA73,887392,468777,418615,73482,78391,151873,116988,69688,186676,85527,887392,238000,238000,649392,0,238000,0,0,8095,8095,0,0,0,1,0,0,0,0,2,3,1588,May2023
Dnipropetrovska,UA12,3093176,1680750,1412426,226943,240091,467034,503014,265558,768572,383112,3093176,1100000,1100000,1993176,0,836000,264000,0,31910,31910,0,0,0,64,0,11,157,530,84,3,8947,May2023
Donetska,UA14,4046487,2207252,1839235,204708,218811,423519,810872,465603,1276475,78438,4046487,2600000,2600000,1446487,0,0,0,2600000,26500,10901,15357,242,328,1457,0,2508,2167,3263,152,37,5956,May2023
Ivano-Frankivska,UA26,1349096,711226,637870,108676,115708,224384,181690,108256,289946,131455,1349096,360000,360000,989096,0,360000,0,0,13933,13933,0,0,0,0,0,0,0,0,0,2,3458,May2023
Kharkivska,UA63,2583325,1384642,1198683,169358,180505,349863,412784,224680,637464,491409,2583325,1700000,1700000,883325,0,1479000,187000,34000,31435,30727,655,53,66,698,0,228,1782,2607,50,14,10015,May2023
Khersonska,UA65,1000166,535440,464726,76623,81913,158536,153827,84911,238738,22555,1000166,239000,239000,761166,0,0,0,239000,26657,6616,18935,1106,5,358,0,223,832,847,57,47,3184,May2023
Khmelnytska,UA68,1225666,655503,570163,92902,97681,190583,193654,109045,302699,79153,1225666,402000,402000,823666,0,402000,0,0,20628,20628,0,0,0,3,0,0,0,0,33,2,2952,May2023
Kirovohradska,UA35,897297,483025,414272,63954,67838,131792,148637,82051,230688,91417,897297,245000,245000,652297,0,245000,0,0,24578,24578,0,0,0,2,0,0,6,13,2,2,3476,May2023
Kyiv,UA80,1789300,969870,819430,232566,248470,481036,401501,236765,638266,253475,2910994,1300000,1300000,1610994,0,1300000,0,0,834,834,0,0,0,17,0,3,72,114,3,3,3107,May2023
Kyivska,UA32,2910994,1568793,1342201,153069,163542,316611,253461,137057,390518,332216,1789300,1100000,1100000,689300,0,1100000,0,0,28132,28132,0,0,0,1,0,0,2290,734,0,4,5172,May2023
Luhanska,UA44,2098324,1136515,961809,91298,98018,189316,436762,256423,693185,282493,2098324,1200000,1200000,898324,0,0,0,1200000,26688,352,26207,129,67,138,1,199,725,971,3,30,2953,May2023
Lvivska,UA46,2459763,1294772,1164991,192773,203584,396357,343762,206012,549774,235973,2459763,605000,605000,1854763,0,605000,0,0,21824,21824,0,0,0,2,0,0,4,16,0,2,3738,May2023
Mykolaivska,UA48,1091106,584957,506149,79731,85170,164901,170974,95197,266171,121117,1091106,552000,552000,539106,0,149040,402960,0,24016,23897,119,0,0,26,0,0,490,1281,23,7,5795,May2023
Odeska,UA51,2340332,1237452,1102880,189998,203812,393810,333832,194370,528202,150425,2340332,636000,636000,1704332,0,114480,521520,0,33348,33348,0,0,0,8,0,3,34,92,13,3,4917,May2023
Poltavska,UA53,1344445,722656,621789,91171,97568,188739,219156,120834,339990,189358,1344445,462000,462000,882445,0,462000,0,0,28723,28723,0,0,0,0,0,0,24,119,0,2,5314,May2023
Rivnenska,UA56,1140724,598625,542099,111755,117385,229140,138715,81699,220414,53396,1140724,321000,321000,819724,0,321000,0,0,20053,20053,0,0,0,0,0,0,4,13,0,2,4248,May2023
Sumska,UA59,1033580,558993,474587,64296,68282,132578,177893,100633,278526,80068,1033580,628000,628000,405580,0,628000,0,0,23842,23842,0,0,0,298,0,4,160,209,23,7,7689,May2023
Ternopilska,UA61,1018462,541302,477160,76461,80396,156857,147742,86344,234086,75784,1018462,306000,306000,712462,0,306000,0,0,13833,13833,0,0,0,3,0,0,0,0,3,3,2010,May2023
Vinnytska,UA05,1018628,537725,480903,110508,117742,228250,238346,134465,372811,166724,1502430,544000,544000,958430,0,544000,0,0,26491,26491,0,0,0,0,0,0,24,204,0,2,4293,May2023
Volynska,UA07,1241643,644559,597084,95205,101245,196450,129037,73972,203009,52877,1018628,282000,282000,736628,0,282000,0,0,20149,20149,0,0,0,0,0,0,1,1,0,2,3073,May2023
Zakarpatska,UA21,1502430,805537,696893,117513,124691,242204,141186,88706,229892,141170,1241643,428000,428000,813643,0,428000,0,0,12758,12758,0,0,0,0,0,0,0,0,0,2,2046,May2023
Zaporizka,UA23,1637673,889959,747714,112990,119983,232973,277337,147331,424668,149458,1637673,883000,883000,754673,0,0,0,883000,27180,6659,20366,155,10,491,2,182,363,1010,4,47,10044,May2023
Zhytomyrska,UA18,1179801,629467,550334,92406,98146,190552,179745,98703,278448,64781,1179801,575000,575000,604801,0,575000,0,0,29839,29839,0,0,0,3,0,0,31,48,1,2,5772,May2023
Cherkaska,UA71,1330000,624475,532640,75552,81536,157088,196700,110769,307469,132933,1330000,359000,359000,971000,0,359000,0,0,20940,20940,0,0,0,2,0,0,1,6,4,0,4266,Jun2023
Chernihivska,UA74,1187000,518447,432326,61356,64084,125440,174896,90800,265696,71295,1187000,477000,477000,710000,0,477000,0,0,31895,31895,0,0,0,97,0,3,489,735,4,3,4622,Jun2023
Chernivetska,UA73,849000,468777,418615,73482,78391,151873,116988,69688,186676,84443,849000,238000,238000,611000,0,238000,0,0,8095,8095,0,0,0,0,0,0,0,0,0,0,1495,Jun2023
Dnipropetrovska,UA12,4272000,1680750,1412426,226943,240091,467034,503014,265558,768572,386553,4272000,1100000,1100000,3172000,0,836000,264000,0,31910,31910,0,0,0,58,0,16,157,530,42,5,8355,Jun2023
Donetska,UA14,2600000,2207252,1839235,204708,218811,423519,810872,465603,1276475,82505,2600000,2600000,2600000,0,0,0,0,2600000,26500,11003,15274,223,613,1373,1,897,2167,3263,86,19,5872,Jun2023
Ivano-Frankivska,UA26,1296000,711226,637870,108676,115708,224384,181690,108256,289946,130160,1296000,360000,360000,936000,0,360000,0,0,13933,13933,0,0,0,0,0,0,0,0,0,0,3340,Jun2023
Kharkivska,UA63,2978000,1384642,1198683,169358,180505,349863,412784,224680,637464,500059,2978000,1700000,1700000,1278000,0,1479000,187000,34000,31435,30731,662,42,57,684,0,300,1782,2607,35,25,9831,Jun2023
Khersonska,UA65,433000,535440,464726,76623,81913,158536,153827,84911,238738,25943,433000,239000,239000,194000,0,0,0,239000,26657,6616,18935,1106,17,418,3,280,832,847,113,107,2639,Jun2023
Khmelnytska,UA68,1250000,655503,570163,92902,97681,190583,193654,109045,302699,80162,1250000,402000,402000,848000,0,402000,0,0,20628,20628,0,0,0,3,0,0,0,0,0,0,2765,Jun2023
Kirovohradska,UA35,1148000,483025,414272,63954,67838,131792,148637,82051,230688,91089,1148000,245000,245000,903000,0,245000,0,0,24578,24578,0,0,0,4,0,0,6,13,1,0,3268,Jun2023
Kyiv,UA80,3853000,969870,819430,232566,248470,481036,401501,236765,638266,258875,3853000,1300000,1300000,2553000,0,1300000,0,0,834,834,0,0,0,7,0,8,72,114,0,0,2807,Jun2023
Kyivska,UA32,3229000,1568793,1342201,153069,163542,316611,253461,137057,390518,332457,3229000,1100000,1100000,2129000,0,1100000,0,0,28132,28132,0,0,0,0,0,0,2290,734,6,1,4782,Jun2023
Luhanska,UA44,1200000,1136515,961809,91298,98018,189316,436762,256423,693185,282493,1200000,1200000,1200000,0,0,0,0,1200000,26688,351,26209,128,113,101,3,310,725,971,2,10,2938,Jun2023
Lvivska,UA46,2640000,1294772,1164991,192773,203584,396357,343762,206012,549774,234945,2640000,605000,605000,2035000,0,605000,0,0,21824,21824,0,0,0,1,0,0,4,16,0,0,3700,Jun2023
Mykolaivska,UA48,1320000,584957,506149,79731,85170,164901,170974,95197,266171,115187,1320000,552000,552000,768000,0,149040,402960,0,24016,23897,119,0,0,28,0,0,490,1281,10,8,5318,Jun2023
Odeska,UA51,2581000,1237452,1102880,189998,203812,393810,333832,194370,528202,152963,2581000,636000,636000,1945000,0,114480,521520,0,33348,33348,0,0,0,6,0,6,34,92,10,4,4457,Jun2023
Poltavska,UA53,1701000,722656,621789,91171,97568,188739,219156,120834,339990,187312,1701000,462000,462000,1239000,0,462000,0,0,28723,28723,0,0,0,2,0,0,24,119,0,0,5015,Jun2023
Rivnenska,UA56,1088000,598625,542099,111755,117385,229140,138715,81699,220414,52707,1088000,321000,321000,767000,0,321000,0,0,20053,20053,0,0,0,0,0,0,4,13,0,0,4242,Jun2023
Sumska,UA59,1125000,558993,474587,64296,68282,132578,177893,100633,278526,81115,1125000,628000,628000,497000,0,628000,0,0,23842,23842,0,0,1,373,0,13,160,209,47,1,7526,Jun2023
Ternopilska,UA61,894000,541302,477160,76461,80396,156857,147742,86344,234086,74788,894000,306000,306000,588000,0,306000,0,0,13833,13833,0,0,0,0,0,0,0,0,0,0,1949,Jun2023
Vinnytska,UA05,1794000,537725,480903,110508,117742,228250,238346,134465,372811,165007,1794000,544000,544000,1250000,0,544000,0,0,26491,26491,0,0,0,0,0,0,24,204,0,0,3838,Jun2023
Volynska,UA07,1109000,644559,597084,95205,101245,196450,129037,73972,203009,52208,1109000,282000,282000,827000,0,282000,0,0,20149,20149,0,0,0,0,0,0,1,1,0,0,2863,Jun2023
Zakarpatska,UA21,900000,805537,696893,117513,124691,242204,141186,88706,229892,140160,900000,428000,428000,472000,0,428000,0,0,12758,12758,0,0,0,0,0,0,0,0,0,0,1905,Jun2023
Zaporizka,UA23,1261000,889959,747714,112990,119983,232973,277337,147331,424668,152812,1261000,883000,883000,378000,0,0,0,883000,27180,6728,20291,161,152,477,6,1149,363,1010,12,22,9807,Jun2023
Zhytomyrska,UA18,1349000,629467,550334,92406,98146,190552,179745,98703,278448,64660,1349000,575000,575000,774000,0,575000,0,0,29839,29839,0,0,0,1,0,1,31,48,2,0,5776,Jun2023
Cherkaska,UA71,1330000,624475,532640,75552,81536,157088,196700,110769,307469,132260,1330000,359000,359000,971000,0,359000,0,0,20940,20940,0,0,0,3,0,0,1,6,2,2,4345,Jul2023
Chernihivska,UA74,1187000,518447,432326,61356,64084,125440,174896,90800,265696,70758,1187000,477000,477000,710000,0,477000,0,0,31895,31895,0,0,0,81,0,2,489,735,3,5,4563,Jul2023
Chernivetska,UA73,849000,468777,418615,73482,78391,151873,116988,69688,186676,84218,849000,238000,238000,611000,0,238000,0,0,8095,8095,0,0,0,0,0,0,0,0,0,2,1576,Jul2023
Dnipropetrovska,UA12,4272000,1680750,1412426,226943,240091,467034,503014,265558,768572,388845,4272000,1100000,1100000,3172000,0,836000,264000,0,31910,31910,0,0,0,56,1,8,157,530,34,6,8155,Jul2023
Donetska,UA14,2600000,2207252,1839235,204708,218811,423519,810872,465603,1276475,86252,2600000,2600000,2600000,0,0,0,0,2600000,26500,11003,15241,256,652,1212,1,1180,2167,3263,95,78,5723,Jul2023
Ivano-Frankivska,UA26,1296000,711226,637870,108676,115708,224384,181690,108256,289946,129266,1296000,360000,360000,936000,0,360000,0,0,13933,13933,0,0,0,0,0,0,0,0,0,2,3482,Jul2023
Kharkivska,UA63,2978000,1384642,1198683,169358,180505,349863,412784,224680,637464,510775,2978000,1700000,1700000,1278000,0,1479000,187000,34000,31435,30731,662,42,54,477,0,262,1782,2607,21,21,9629,Jul2023
Khersonska,UA65,433000,535440,464726,76623,81913,158536,153827,84911,238738,26752,433000,239000,239000,194000,0,0,0,239000,26657,6616,18925,1116,23,293,3,389,832,847,41,71,2533,Jul2023
Khmelnytska,UA68,1250000,655503,570163,92902,97681,190583,193654,109045,302699,79583,1250000,402000,402000,848000,0,402000,0,0,20628,20628,0,0,0,0,0,0,0,0,0,2,2767,Jul2023
Kirovohradska,UA35,1148000,483025,414272,63954,67838,131792,148637,82051,230688,90826,1148000,245000,245000,903000,0,245000,0,0,24578,24578,0,0,0,3,0,0,6,13,0,2,3229,Jul2023
Kyiv,UA80,3853000,969870,819430,232566,248470,481036,401501,236765,638266,264490,3853000,1300000,1300000,2553000,0,1300000,0,0,834,834,0,0,0,4,0,0,72,114,1,2,2770,Jul2023
Kyivska,UA32,3229000,1568793,1342201,153069,163542,316611,253461,137057,390518,334148,3229000,1100000,1100000,2129000,0,1100000,0,0,28132,28132,0,0,0,0,0,0,2290,734,0,4,4507,Jul2023
Luhanska,UA44,1200000,1136515,961809,91298,98018,189316,436762,256423,693185,282493,1200000,1200000,1200000,0,0,0,0,1200000,26688,351,26242,95,189,86,0,371,725,971,0,104,3013,Jul2023
Lvivska,UA46,2640000,1294772,1164991,192773,203584,396357,343762,206012,549774,233933,2640000,605000,605000,2035000,0,605000,0,0,21824,21824,0,0,0,1,0,10,4,16,8,3,3780,Jul2023
Mykolaivska,UA48,1320000,584957,506149,79731,85170,164901,170974,95197,266171,117475,1320000,552000,552000,768000,0,149040,402960,0,24016,23897,119,0,0,43,0,4,490,1281,10,9,5242,Jul2023
Odeska,UA51,2581000,1237452,1102880,189998,203812,393810,333832,194370,528202,155674,2581000,636000,636000,1945000,0,114480,521520,0,33348,33348,0,0,0,18,1,3,34,92,51,6,4261,Jul2023
Poltavska,UA53,1701000,722656,621789,91171,97568,188739,219156,120834,339990,186042,1701000,462000,462000,1239000,0,462000,0,0,28723,28723,0,0,0,1,0,0,24,119,0,2,5131,Jul2023
Rivnenska,UA56,1088000,598625,542099,111755,117385,229140,138715,81699,220414,51404,1088000,321000,321000,767000,0,321000,0,0,20053,20053,0,0,0,0,0,0,4,13,0,2,4285,Jul2023
Sumska,UA59,1125000,558993,474587,64296,68282,132578,177893,100633,278526,83154,1125000,628000,628000,497000,0,628000,0,0,23842,23842,0,0,1,293,0,13,160,209,27,7,7532,Jul2023
Ternopilska,UA61,894000,541302,477160,76461,80396,156857,147742,86344,234086,74268,894000,306000,306000,588000,0,306000,0,0,13833,13833,0,0,0,0,0,0,0,0,0,2,1983,Jul2023
Vinnytska,UA05,1794000,537725,480903,110508,117742,228250,238346,134465,372811,163295,1794000,544000,544000,1250000,0,544000,0,0,26491,26491,0,0,0,1,0,0,24,204,0,2,3841,Jul2023
Volynska,UA07,1109000,644559,597084,95205,101245,196450,129037,73972,203009,51818,1109000,282000,282000,827000,0,282000,0,0,20149,20149,0,0,0,0,0,0,1,1,0,2,2810,Jul2023
Zakarpatska,UA21,900000,805537,696893,117513,124691,242204,141186,88706,229892,139377,900000,428000,428000,472000,0,428000,0,0,12758,12758,0,0,0,0,0,0,0,0,0,2,1792,Jul2023
Zaporizka,UA23,1261000,889959,747714,112990,119983,232973,277337,147331,424668,158586,1261000,883000,883000,378000,0,0,0,883000,27180,6728,20273,179,175,411,1,675,363,1010,9,60,9684,Jul2023
Zhytomyrska,UA18,1349000,629467,550334,92406,98146,190552,179745,98703,278448,64402,1349000,575000,575000,774000,0,575000,0,0,29839,29839,0,0,0,3,0,0,31,48,0,4,5703,Jul2023
Cherkaska,UA71,1330000,624475,532640,75552,81536,157088,196700,110769,307469,131286,1330000,359000,359000,971000,0,359000,0,0,20940,20940,0,0,0,1,0,0,1,6,3,2,4165,Aug2023
Chernihivska,UA74,1187000,518447,432326,61356,64084,125440,174896,90800,265696,70544,1187000,477000,477000,710000,0,477000,0,0,31895,31895,0,0,0,148,0,9,489,735,2,6,4395,Aug2023
Chernivetska,UA73,849000,468777,418615,73482,78391,151873,116988,69688,186676,83636,849000,238000,238000,611000,0,238000,0,0,8095,8095,0,0,0,0,0,0,0,0,0,0,1580,Aug2023
Dnipropetrovska,UA12,4272000,1680750,1412426,226943,240091,467034,503014,265558,768572,390420,4272000,1100000,1100000,3172000,0,836000,264000,0,31910,31910,0,0,0,60,0,3,157,530,49,2,7805,Aug2023
Donetska,UA14,2600000,2207252,1839235,204708,218811,423519,810872,465603,1276475,89873,2600000,2600000,2600000,0,0,0,0,2600000,26500,11003,15210,287,382,1464,0,982,2167,3263,53,51,5471,Aug2023
Ivano-Frankivska,UA26,1296000,711226,637870,108676,115708,224384,181690,108256,289946,129224,1296000,360000,360000,936000,0,360000,0,0,13933,13933,0,0,0,1,0,1,0,0,1,0,3481,Aug2023
Kharkivska,UA63,2978000,1384642,1198683,169358,180505,349863,412784,224680,637464,337443,2978000,1700000,1700000,1278000,0,1479000,187000,34000,31435,30731,662,42,84,518,0,252,1782,2607,21,12,7593,Aug2023
Khersonska,UA65,433000,535440,464726,76623,81913,158536,153827,84911,238738,28004,433000,239000,239000,194000,0,0,0,239000,26657,6616,18916,1125,19,355,1,307,832,847,36,37,2415,Aug2023
Khmelnytska,UA68,1250000,655503,570163,92902,97681,190583,193654,109045,302699,79211,1250000,402000,402000,848000,0,402000,0,0,20628,20628,0,0,0,5,0,0,0,0,3,0,2774,Aug2023
Kirovohradska,UA35,1148000,483025,414272,63954,67838,131792,148637,82051,230688,90274,1148000,245000,245000,903000,0,245000,0,0,24578,24578,0,0,0,0,0,0,6,13,0,0,3143,Aug2023
Kyiv,UA80,3853000,969870,819430,232566,248470,481036,401501,236765,638266,271789,3853000,1300000,1300000,2553000,0,1300000,0,0,834,834,0,0,0,4,0,2,72,114,1,0,2771,Aug2023
Kyivska,UA32,3229000,1568793,1342201,153069,163542,316611,253461,137057,390518,334354,3229000,1100000,1100000,2129000,0,1100000,0,0,28132,28132,0,0,0,4,0,0,2290,734,1,0,4478,Aug2023
Luhanska,UA44,1200000,1136515,961809,91298,98018,189316,436762,256423,693185,282493,1200000,1200000,1200000,0,0,0,0,1200000,26688,351,26244,93,119,103,0,332,725,971,3,56,3072,Aug2023
Lvivska,UA46,2640000,1294772,1164991,192773,203584,396357,343762,206012,549774,233052,2640000,605000,605000,2035000,0,605000,0,0,21824,21824,0,0,0,1,0,0,4,16,4,0,3993,Aug2023
Mykolaivska,UA48,1320000,584957,506149,79731,85170,164901,170974,95197,266171,118496,1320000,552000,552000,768000,0,149040,402960,0,24016,23897,119,0,0,35,0,1,490,1281,0,2,5039,Aug2023
Odeska,UA51,2581000,1237452,1102880,189998,203812,393810,333832,194370,528202,158475,2581000,636000,636000,1945000,0,114480,521520,0,33348,33348,0,0,1,5,0,0,34,92,18,3,4127,Aug2023
Poltavska,UA53,1701000,722656,621789,91171,97568,188739,219156,120834,339990,184129,1701000,462000,462000,1239000,0,462000,0,0,28723,28723,0,0,0,2,0,4,24,119,0,0,5063,Aug2023
Rivnenska,UA56,1088000,598625,542099,111755,117385,229140,138715,81699,220414,51690,1088000,321000,321000,767000,0,321000,0,0,20053,20053,0,0,0,3,0,0,4,13,1,2,4434,Aug2023
Sumska,UA59,1125000,558993,474587,64296,68282,132578,177893,100633,278526,84803,1125000,628000,628000,497000,0,628000,0,0,23842,23842,0,0,1,336,0,6,160,209,5,0,7278,Aug2023
Ternopilska,UA61,894000,541302,477160,76461,80396,156857,147742,86344,234086,73674,894000,306000,306000,588000,0,306000,0,0,13833,13833,0,0,0,0,0,0,0,0,0,0,2054,Aug2023
Vinnytska,UA05,1794000,537725,480903,110508,117742,228250,238346,134465,372811,162156,1794000,544000,544000,1250000,0,544000,0,0,26491,26491,0,0,0,0,0,0,24,204,0,0,3881,Aug2023
Volynska,UA07,1109000,644559,597084,95205,101245,196450,129037,73972,203009,50906,1109000,282000,282000,827000,0,282000,0,0,20149,20149,0,0,0,1,0,2,1,1,1,0,2837,Aug2023
Zakarpatska,UA21,900000,805537,696893,117513,124691,242204,141186,88706,229892,138512,900000,428000,428000,472000,0,428000,0,0,12758,12758,0,0,0,0,0,0,0,0,0,0,1777,Aug2023
Zaporizka,UA23,1261000,889959,747714,112990,119983,232973,277337,147331,424668,161381,1261000,883000,883000,378000,0,0,0,883000,27180,6728,20230,222,118,561,0,619,363,1010,7,33,9493,Aug2023
Zhytomyrska,UA18,1349000,629467,550334,92406,98146,190552,179745,98703,278448,63443,1349000,575000,575000,774000,0,575000,0,0,29839,29839,0,0,0,2,0,0,31,48,0,1,5540,Aug2023
Cherkaska,UA71,1330000,624475,532640,75552,81536,157088,196700,110769,307469,131286,1330000,359000,359000,971000,0,359000,0,0,20940,20940,0,0,0,1,0,0,1,6,0,0,4165,Sep2023
Chernihivska,UA74,1187000,518447,432326,61356,64084,125440,174896,90800,265696,70544,1187000,477000,477000,710000,0,477000,0,0,31895,31895,0,0,0,88,0,0,489,735,0,0,4395,Sep2023
Chernivetska,UA73,849000,468777,418615,73482,78391,151873,116988,69688,186676,83636,849000,238000,238000,611000,0,238000,0,0,8095,8095,0,0,0,0,0,0,0,0,0,0,1580,Sep2023
Dnipropetrovska,UA12,4272000,1680750,1412426,226943,240091,467034,503014,265558,768572,390420,4272000,1100000,1100000,3172000,0,836000,264000,0,31910,31910,0,0,0,55,0,1,157,530,0,0,7805,Sep2023
Donetska,UA14,2600000,2207252,1839235,204708,218811,423519,810872,465603,1276475,89873,2600000,2600000,2600000,0,0,0,0,2600000,26500,11074,15198,228,265,926,0,547,2167,3263,0,0,5471,Sep2023
Ivano-Frankivska,UA26,1296000,711226,637870,108676,115708,224384,181690,108256,289946,129224,1296000,360000,360000,936000,0,360000,0,0,13933,13933,0,0,0,0,0,0,0,0,0,0,3481,Sep2023
Kharkivska,UA63,2978000,1384642,1198683,169358,180505,349863,412784,224680,637464,337443,2978000,1700000,1700000,1278000,0,1479000,187000,34000,31435,30731,662,42,30,327,0,138,1782,2607,0,1,7593,Sep2023
Khersonska,UA65,433000,535440,464726,76623,81913,158536,153827,84911,238738,28004,433000,239000,239000,194000,0,0,0,239000,26657,6625,18916,1116,12,204,0,219,832,847,0,0,2415,Sep2023
Khmelnytska,UA68,1250000,655503,570163,92902,97681,190583,193654,109045,302699,79211,1250000,402000,402000,848000,0,402000,0,0,20628,20628,0,0,0,3,0,0,0,0,0,0,2774,Sep2023
Kirovohradska,UA35,1148000,483025,414272,63954,67838,131792,148637,82051,230688,90274,1148000,245000,245000,903000,0,245000,0,0,24578,24578,0,0,0,0,0,0,6,13,0,0,3143,Sep2023
Kyiv,UA80,3853000,969870,819430,232566,248470,481036,401501,236765,638266,271789,3853000,1300000,1300000,2553000,0,1300000,0,0,834,834,0,0,0,7,0,0,72,114,0,0,2771,Sep2023
Kyivska,UA32,3229000,1568793,1342201,153069,163542,316611,253461,137057,390518,334354,3229000,1100000,1100000,2129000,0,1100000,0,0,28132,28132,0,0,0,2,0,1,2290,734,0,0,4478,Sep2023
Luhanska,UA44,1200000,1136515,961809,91298,98018,189316,436762,256423,693185,282493,1200000,1200000,1200000,0,0,0,0,1200000,26688,323,26244,121,57,64,0,160,725,971,0,0,3072,Sep2023
Lvivska,UA46,2640000,1294772,1164991,192773,203584,396357,343762,206012,549774,233052,2640000,605000,605000,2035000,0,605000,0,0,21824,21824,0,0,0,2,0,1,4,16,0,0,3993,Sep2023
Mykolaivska,UA48,1320000,584957,506149,79731,85170,164901,170974,95197,266171,118496,1320000,552000,552000,768000,0,149040,402960,0,24016,23897,119,0,0,9,0,1,490,1281,0,0,5039,Sep2023
Odeska,UA51,2581000,1237452,1102880,189998,203812,393810,333832,194370,528202,158475,2581000,636000,636000,1945000,0,114480,521520,0,33348,33348,0,0,0,12,0,1,34,92,0,0,4127,Sep2023
Poltavska,UA53,1701000,722656,621789,91171,97568,188739,219156,120834,339990,184129,1701000,462000,462000,1239000,0,462000,0,0,28723,28723,0,0,0,2,0,1,24,119,0,0,5063,Sep2023
Rivnenska,UA56,1088000,598625,542099,111755,117385,229140,138715,81699,220414,51690,1088000,321000,321000,767000,0,321000,0,0,20053,20053,0,0,0,1,0,0,4,13,0,0,4434,Sep2023
Sumska,UA59,1125000,558993,474587,64296,68282,132578,177893,100633,278526,84803,1125000,628000,628000,497000,0,628000,0,0,23842,23842,0,0,0,228,0,2,160,209,0,0,7278,Sep2023
Ternopilska,UA61,894000,541302,477160,76461,80396,156857,147742,86344,234086,73674,894000,306000,306000,588000,0,306000,0,0,13833,13833,0,0,0,0,0,0,0,0,0,0,2054,Sep2023
Vinnytska,UA05,1794000,537725,480903,110508,117742,228250,238346,134465,372811,162156,1794000,544000,544000,1250000,0,544000,0,0,26491,26491,0,0,0,1,0,0,24,204,0,0,3881,Sep2023
Volynska,UA07,1109000,644559,597084,95205,101245,196450,129037,73972,203009,50906,1109000,282000,282000,827000,0,282000,0,0,20149,20149,0,0,0,0,0,0,1,1,0,0,2837,Sep2023
Zakarpatska,UA21,900000,805537,696893,117513,124691,242204,141186,88706,229892,138512,900000,428000,428000,472000,0,428000,0,0,12758,12758,0,0,0,0,0,0,0,0,0,0,1777,Sep2023
Zaporizka,UA23,1261000,889959,747714,112990,119983,232973,277337,147331,424668,161381,1261000,883000,883000,378000,0,0,0,883000,27180,6779,20215,186,78,359,1,296,363,1010,0,0,9493,Sep2023
Zhytomyrska,UA18,1349000,629467,550334,92406,98146,190552,179745,98703,278448,63443,1349000,575000,575000,774000,0,575000,0,0,29839,29839,0,0,0,0,0,0,31,48,0,0,5540,Sep2023